ct_code;ct_def;ct_ordre;ct_type;ct_mode;ct_maintable;ct_att;ct_attunique;ct_origine;ct_sensib;ct_prio;ct_statut;ct_priodev;ct_file;ct_sqlview;ct_sqltable;ct_sqlcheck;ct_sqlfunction;ct_conf_fill;ct_conf;ct_open;ct_source;ct_date;commentaire
ad_code_1_r00001;Valeur NULL pour un attribut dont le remplissage est obligatoire. ;0;R;A;t_adresse;ad_code;ad_code;P;3;1;3;;;1;0;;;;;;;;
ad_ban_id_1_r00002;Valeur NULL pour un attribut dont le remplissage est obligatoire. ;0;R;A;t_adresse;ad_ban_id;ad_ban_id;P;3;1;3;;;1;0;;;;;;;;
ad_nomvoie_1_r00003;Valeur NULL pour un attribut dont le remplissage est obligatoire. ;0;R;A;t_adresse;ad_nomvoie;ad_nomvoie;P;3;1;3;;;1;0;;;;;;;;
ad_fantoir_1_r00004;Valeur NULL pour un attribut dont le remplissage est obligatoire. ;0;R;A;t_adresse;ad_fantoir;ad_fantoir;P;3;1;3;;;1;0;;;;;;;;
ad_numero_1_r00005;Valeur NULL pour un attribut dont le remplissage est obligatoire. ;0;R;A;t_adresse;ad_numero;ad_numero;P;3;1;3;;;1;0;;;;;;;;
ad_rep_1_r00006;Valeur NULL pour un attribut dont le remplissage est obligatoire. ;0;R;A;t_adresse;ad_rep;ad_rep;P;3;1;3;;;1;0;;;;;;;;
ad_insee_1_r00007;Valeur NULL pour un attribut dont le remplissage est obligatoire. ;0;R;A;t_adresse;ad_insee;ad_insee;P;3;1;3;;;1;0;;;;;;;;
ad_postal_1_r00008;Valeur NULL pour un attribut dont le remplissage est obligatoire. ;0;R;A;t_adresse;ad_postal;ad_postal;P;3;1;3;;;1;0;;;;;;;;
ad_alias_1_r00009;Valeur NULL pour un attribut dont le remplissage est obligatoire. ;0;R;A;t_adresse;ad_alias;ad_alias;P;3;1;3;;;1;0;;;;;;;;
ad_nom_ld_1_r00010;Valeur NULL pour un attribut dont le remplissage est obligatoire. ;0;R;A;t_adresse;ad_nom_ld;ad_nom_ld;P;3;1;3;;;1;0;;;;;;;;
ad_x_ban_1_r00011;Valeur NULL pour un attribut dont le remplissage est obligatoire. ;0;R;A;t_adresse;ad_x_ban;ad_x_ban;P;3;1;3;;;1;0;;;;;;;;
ad_y_ban_1_r00012;Valeur NULL pour un attribut dont le remplissage est obligatoire. ;0;R;A;t_adresse;ad_y_ban;ad_y_ban;P;3;1;3;;;1;0;;;;;;;;
ad_commune_1_r00013;Valeur NULL pour un attribut dont le remplissage est obligatoire. ;0;R;A;t_adresse;ad_commune;ad_commune;P;3;1;3;;;1;0;;;;;;;;
ad_section_1_r00014;Valeur NULL pour un attribut dont le remplissage est obligatoire. ;0;R;A;t_adresse;ad_section;ad_section;P;3;1;3;;;1;0;;;;;;;;
ad_idpar_1_r00015;Valeur NULL pour un attribut dont le remplissage est obligatoire. ;0;R;A;t_adresse;ad_idpar;ad_idpar;P;3;1;3;;;1;0;;;;;;;;
ad_x_parc_1_r00016;Valeur NULL pour un attribut dont le remplissage est obligatoire. ;0;R;A;t_adresse;ad_x_parc;ad_x_parc;P;3;1;3;;;1;0;;;;;;;;
ad_y_parc_1_r00017;Valeur NULL pour un attribut dont le remplissage est obligatoire. ;0;R;A;t_adresse;ad_y_parc;ad_y_parc;P;3;1;3;;;1;0;;;;;;;;
ad_nat_1_r00018;Valeur NULL pour un attribut dont le remplissage est obligatoire. ;0;R;A;t_adresse;ad_nat;ad_nat;P;3;1;3;;;1;0;;;;;;;;
ad_nblhab_1_r00019;Valeur NULL pour un attribut dont le remplissage est obligatoire. ;0;R;A;t_adresse;ad_nblhab;ad_nblhab;P;3;1;3;;;1;0;;;;;;;;
ad_nblpro_1_r00020;Valeur NULL pour un attribut dont le remplissage est obligatoire. ;0;R;A;t_adresse;ad_nblpro;ad_nblpro;P;3;1;3;;;1;0;;;;;;;;
ad_nbprhab_1_r00021;Valeur NULL pour un attribut dont le remplissage est obligatoire. ;0;R;A;t_adresse;ad_nbprhab;ad_nbprhab;P;3;1;3;;;1;0;;;;;;;;
ad_nbprpro_1_r00022;Valeur NULL pour un attribut dont le remplissage est obligatoire. ;0;R;A;t_adresse;ad_nbprpro;ad_nbprpro;P;3;1;3;;;1;0;;;;;;;;
ad_rivoli_1_r00023;Valeur NULL pour un attribut dont le remplissage est obligatoire. ;0;R;A;t_adresse;ad_rivoli;ad_rivoli;P;3;1;3;;;1;0;;;;;;;;
ad_hexacle_1_r00024;Valeur NULL pour un attribut dont le remplissage est obligatoire. ;0;R;A;t_adresse;ad_hexacle;ad_hexacle;P;3;1;3;;;1;0;;;;;;;;
ad_hexaclv_1_r00025;Valeur NULL pour un attribut dont le remplissage est obligatoire. ;0;R;A;t_adresse;ad_hexaclv;ad_hexaclv;P;3;1;3;;;1;0;;;;;;;;
ad_distinf_1_r00026;Valeur NULL pour un attribut dont le remplissage est obligatoire. ;0;R;A;t_adresse;ad_distinf;ad_distinf;P;3;1;3;;;1;0;;;;;;;;
ad_isole_1_r00027;Valeur NULL pour un attribut dont le remplissage est obligatoire. ;0;R;A;t_adresse;ad_isole;ad_isole;P;3;1;3;;;1;0;;;;;;;;
ad_prio_1_r00028;Valeur NULL pour un attribut dont le remplissage est obligatoire. ;0;R;A;t_adresse;ad_prio;ad_prio;P;3;1;3;;;1;0;;;;;;;;
ad_racc_1_r00029;Valeur NULL pour un attribut dont le remplissage est obligatoire. ;0;R;A;t_adresse;ad_racc;ad_racc;P;3;1;3;;;1;0;;;;;;;;
ad_batcode_1_r00030;Valeur NULL pour un attribut dont le remplissage est obligatoire. ;0;R;A;t_adresse;ad_batcode;ad_batcode;P;3;1;3;;;1;0;;;;;;;;
ad_nombat_1_r00031;Valeur NULL pour un attribut dont le remplissage est obligatoire. ;0;R;A;t_adresse;ad_nombat;ad_nombat;P;3;1;3;;;1;0;;;;;;;;
ad_ietat_1_r00032;Valeur NULL pour un attribut dont le remplissage est obligatoire. ;0;R;A;t_adresse;ad_ietat;ad_ietat;P;3;1;3;;;1;0;;;;;;;;
ad_itypeim_1_r00033;Valeur NULL pour un attribut dont le remplissage est obligatoire. ;0;R;A;t_adresse;ad_itypeim;ad_itypeim;P;3;1;3;;;1;0;;;;;;;;
ad_imneuf_1_r00034;Valeur NULL pour un attribut dont le remplissage est obligatoire. ;0;R;A;t_adresse;ad_imneuf;ad_imneuf;P;3;1;3;;;1;0;;;;;;;;
ad_idatimn_1_r00035;Valeur NULL pour un attribut dont le remplissage est obligatoire. ;0;R;A;t_adresse;ad_idatimn;ad_idatimn;P;3;1;3;;;1;0;;;;;;;;
ad_prop_1_r00036;Valeur NULL pour un attribut dont le remplissage est obligatoire. ;0;R;A;t_adresse;ad_prop;ad_prop;P;3;1;3;;;1;0;;;;;;;;
ad_gest_1_r00037;Valeur NULL pour un attribut dont le remplissage est obligatoire. ;0;R;A;t_adresse;ad_gest;ad_gest;P;3;1;3;;;1;0;;;;;;;;
ad_idatsgn_1_r00038;Valeur NULL pour un attribut dont le remplissage est obligatoire. ;0;R;A;t_adresse;ad_idatsgn;ad_idatsgn;P;3;1;3;;;1;0;;;;;;;;
ad_iaccgst_1_r00039;Valeur NULL pour un attribut dont le remplissage est obligatoire. ;0;R;A;t_adresse;ad_iaccgst;ad_iaccgst;P;3;1;3;;;1;0;;;;;;;;
ad_idatcab_1_r00040;Valeur NULL pour un attribut dont le remplissage est obligatoire. ;0;R;A;t_adresse;ad_idatcab;ad_idatcab;P;3;1;3;;;1;0;;;;;;;;
ad_idatcom_1_r00041;Valeur NULL pour un attribut dont le remplissage est obligatoire. ;0;R;A;t_adresse;ad_idatcom;ad_idatcom;P;3;1;3;;;1;0;;;;;;;;
ad_typzone_1_r00042;Valeur NULL pour un attribut dont le remplissage est obligatoire. ;0;R;A;t_adresse;ad_typzone;ad_typzone;P;3;1;3;;;1;0;;;;;;;;
ad_comment_1_r00043;Valeur NULL pour un attribut dont le remplissage est obligatoire. ;0;R;A;t_adresse;ad_comment;ad_comment;P;3;1;3;;;1;0;;;;;;;;
ad_geolqlt_1_r00044;Valeur NULL pour un attribut dont le remplissage est obligatoire. ;0;R;A;t_adresse;ad_geolqlt;ad_geolqlt;P;3;1;3;;;1;0;;;;;;;;
ad_geolmod_1_r00045;Valeur NULL pour un attribut dont le remplissage est obligatoire. ;0;R;A;t_adresse;ad_geolmod;ad_geolmod;P;3;1;3;;;1;0;;;;;;;;
ad_geolsrc_1_r00046;Valeur NULL pour un attribut dont le remplissage est obligatoire. ;0;R;A;t_adresse;ad_geolsrc;ad_geolsrc;P;3;1;3;;;1;0;;;;;;;;
ad_creadat_1_r00047;Valeur NULL pour un attribut dont le remplissage est obligatoire. ;0;R;A;t_adresse;ad_creadat;ad_creadat;P;3;1;3;;;1;0;;;;;;;;
ad_majdate_1_r00048;Valeur NULL pour un attribut dont le remplissage est obligatoire. ;0;R;A;t_adresse;ad_majdate;ad_majdate;P;3;1;3;;;1;0;;;;;;;;
ad_majsrc_1_r00049;Valeur NULL pour un attribut dont le remplissage est obligatoire. ;0;R;A;t_adresse;ad_majsrc;ad_majsrc;P;3;1;3;;;1;0;;;;;;;;
ad_abddate_1_r00050;Valeur NULL pour un attribut dont le remplissage est obligatoire. ;0;R;A;t_adresse;ad_abddate;ad_abddate;P;3;1;3;;;1;0;;;;;;;;
ad_abdsrc_1_r00051;Valeur NULL pour un attribut dont le remplissage est obligatoire. ;0;R;A;t_adresse;ad_abdsrc;ad_abdsrc;P;3;1;3;;;1;0;;;;;;;;
ad_geom_1_r00052;Valeur NULL pour un attribut dont le remplissage est obligatoire. ;0;R;A;t_adresse;geom;ad_geom;P;3;1;3;;;1;0;;;;;;;;
or_code_1_r00053;Valeur NULL pour un attribut dont le remplissage est obligatoire. ;0;R;A;t_organisme;or_code;or_code;P;3;1;3;;;1;0;;;;;;;;
or_siren_1_r00054;Valeur NULL pour un attribut dont le remplissage est obligatoire. ;0;R;A;t_organisme;or_siren;or_siren;P;3;1;3;;;1;0;;;;;;;;
or_nom_1_r00055;Valeur NULL pour un attribut dont le remplissage est obligatoire. ;0;R;A;t_organisme;or_nom;or_nom;P;3;1;3;;;1;0;;;;;;;;
or_type_1_r00056;Valeur NULL pour un attribut dont le remplissage est obligatoire. ;0;R;A;t_organisme;or_type;or_type;P;3;1;3;;;1;0;;;;;;;;
or_activ_1_r00057;Valeur NULL pour un attribut dont le remplissage est obligatoire. ;0;R;A;t_organisme;or_activ;or_activ;P;3;1;3;;;1;0;;;;;;;;
or_l331_1_r00058;Valeur NULL pour un attribut dont le remplissage est obligatoire. ;0;R;A;t_organisme;or_l331;or_l331;P;3;1;3;;;1;0;;;;;;;;
or_siret_1_r00059;Valeur NULL pour un attribut dont le remplissage est obligatoire. ;0;R;A;t_organisme;or_siret;or_siret;P;3;1;3;;;1;0;;;;;;;;
or_nometab_1_r00060;Valeur NULL pour un attribut dont le remplissage est obligatoire. ;0;R;A;t_organisme;or_nometab;or_nometab;P;3;1;3;;;1;0;;;;;;;;
or_ad_code_1_r00061;Valeur NULL pour un attribut dont le remplissage est obligatoire. ;0;R;A;t_organisme;or_ad_code;or_ad_code;P;3;1;3;;;1;0;;;;;;;;
or_nomvoie_1_r00062;Valeur NULL pour un attribut dont le remplissage est obligatoire. ;0;R;A;t_organisme;or_nomvoie;or_nomvoie;P;3;1;3;;;1;0;;;;;;;;
or_numero_1_r00063;Valeur NULL pour un attribut dont le remplissage est obligatoire. ;0;R;A;t_organisme;or_numero;or_numero;P;3;1;3;;;1;0;;;;;;;;
or_rep_1_r00064;Valeur NULL pour un attribut dont le remplissage est obligatoire. ;0;R;A;t_organisme;or_rep;or_rep;P;3;1;3;;;1;0;;;;;;;;
or_local_1_r00065;Valeur NULL pour un attribut dont le remplissage est obligatoire. ;0;R;A;t_organisme;or_local;or_local;P;3;1;3;;;1;0;;;;;;;;
or_postal_1_r00066;Valeur NULL pour un attribut dont le remplissage est obligatoire. ;0;R;A;t_organisme;or_postal;or_postal;P;3;1;3;;;1;0;;;;;;;;
or_commune_1_r00067;Valeur NULL pour un attribut dont le remplissage est obligatoire. ;0;R;A;t_organisme;or_commune;or_commune;P;3;1;3;;;1;0;;;;;;;;
or_telfixe_1_r00068;Valeur NULL pour un attribut dont le remplissage est obligatoire. ;0;R;A;t_organisme;or_telfixe;or_telfixe;P;3;1;3;;;1;0;;;;;;;;
or_mail_1_r00069;Valeur NULL pour un attribut dont le remplissage est obligatoire. ;0;R;A;t_organisme;or_mail;or_mail;P;3;1;3;;;1;0;;;;;;;;
or_comment_1_r00070;Valeur NULL pour un attribut dont le remplissage est obligatoire. ;0;R;A;t_organisme;or_comment;or_comment;P;3;1;3;;;1;0;;;;;;;;
or_creadat_1_r00071;Valeur NULL pour un attribut dont le remplissage est obligatoire. ;0;R;A;t_organisme;or_creadat;or_creadat;P;3;1;3;;;1;0;;;;;;;;
or_majdate_1_r00072;Valeur NULL pour un attribut dont le remplissage est obligatoire. ;0;R;A;t_organisme;or_majdate;or_majdate;P;3;1;3;;;1;0;;;;;;;;
or_majsrc_1_r00073;Valeur NULL pour un attribut dont le remplissage est obligatoire. ;0;R;A;t_organisme;or_majsrc;or_majsrc;P;3;1;3;;;1;0;;;;;;;;
or_abddate_1_r00074;Valeur NULL pour un attribut dont le remplissage est obligatoire. ;0;R;A;t_organisme;or_abddate;or_abddate;P;3;1;3;;;1;0;;;;;;;;
or_abdsrc_1_r00075;Valeur NULL pour un attribut dont le remplissage est obligatoire. ;0;R;A;t_organisme;or_abdsrc;or_abdsrc;P;3;1;3;;;1;0;;;;;;;;
rf_code_1_r00076;Valeur NULL pour un attribut dont le remplissage est obligatoire. ;0;R;A;t_reference;rf_code;rf_code;P;3;1;3;;;1;0;;;;;;;;
rf_type_1_r00077;Valeur NULL pour un attribut dont le remplissage est obligatoire. ;0;R;A;t_reference;rf_type;rf_type;P;3;1;3;;;1;0;;;;;;;;
rf_fabric_1_r00078;Valeur NULL pour un attribut dont le remplissage est obligatoire. ;0;R;A;t_reference;rf_fabric;rf_fabric;P;3;1;3;;;1;0;;;;;;;;
rf_design_1_r00079;Valeur NULL pour un attribut dont le remplissage est obligatoire. ;0;R;A;t_reference;rf_design;rf_design;P;3;1;3;;;1;0;;;;;;;;
rf_etat_1_r00080;Valeur NULL pour un attribut dont le remplissage est obligatoire. ;0;R;A;t_reference;rf_etat;rf_etat;P;3;1;3;;;1;0;;;;;;;;
rf_comment_1_r00081;Valeur NULL pour un attribut dont le remplissage est obligatoire. ;0;R;A;t_reference;rf_comment;rf_comment;P;3;1;3;;;1;0;;;;;;;;
rf_creadat_1_r00082;Valeur NULL pour un attribut dont le remplissage est obligatoire. ;0;R;A;t_reference;rf_creadat;rf_creadat;P;3;1;3;;;1;0;;;;;;;;
rf_majdate_1_r00083;Valeur NULL pour un attribut dont le remplissage est obligatoire. ;0;R;A;t_reference;rf_majdate;rf_majdate;P;3;1;3;;;1;0;;;;;;;;
rf_majsrc_1_r00084;Valeur NULL pour un attribut dont le remplissage est obligatoire. ;0;R;A;t_reference;rf_majsrc;rf_majsrc;P;3;1;3;;;1;0;;;;;;;;
rf_abddate_1_r00085;Valeur NULL pour un attribut dont le remplissage est obligatoire. ;0;R;A;t_reference;rf_abddate;rf_abddate;P;3;1;3;;;1;0;;;;;;;;
rf_abdsrc_1_r00086;Valeur NULL pour un attribut dont le remplissage est obligatoire. ;0;R;A;t_reference;rf_abdsrc;rf_abdsrc;P;3;1;3;;;1;0;;;;;;;;
nd_code_1_r00087;Valeur NULL pour un attribut dont le remplissage est obligatoire. ;0;R;A;t_noeud;nd_code;nd_code;P;3;1;3;;;1;0;;;;;;;;
nd_codeext_1_r00088;Valeur NULL pour un attribut dont le remplissage est obligatoire. ;0;R;A;t_noeud;nd_codeext;nd_codeext;P;3;1;3;;;1;0;;;;;;;;
nd_nom_1_r00089;Valeur NULL pour un attribut dont le remplissage est obligatoire. ;0;R;A;t_noeud;nd_nom;nd_nom;P;3;1;3;;;1;0;;;;;;;;
nd_coderat_1_r00090;Valeur NULL pour un attribut dont le remplissage est obligatoire. ;0;R;A;t_noeud;nd_coderat;nd_coderat;P;3;1;3;;;1;0;;;;;;;;
nd_r1_code_1_r00091;Valeur NULL pour un attribut dont le remplissage est obligatoire. ;0;R;A;t_noeud;nd_r1_code;nd_r1_code;P;3;1;3;;;1;0;;;;;;;;
nd_r2_code_1_r00092;Valeur NULL pour un attribut dont le remplissage est obligatoire. ;0;R;A;t_noeud;nd_r2_code;nd_r2_code;P;3;1;3;;;1;0;;;;;;;;
nd_r3_code_1_r00093;Valeur NULL pour un attribut dont le remplissage est obligatoire. ;0;R;A;t_noeud;nd_r3_code;nd_r3_code;P;3;1;3;;;1;0;;;;;;;;
nd_r4_code_1_r00094;Valeur NULL pour un attribut dont le remplissage est obligatoire. ;0;R;A;t_noeud;nd_r4_code;nd_r4_code;P;3;1;3;;;1;0;;;;;;;;
nd_voie_1_r00095;Valeur NULL pour un attribut dont le remplissage est obligatoire. ;0;R;A;t_noeud;nd_voie;nd_voie;P;3;1;3;;;1;0;;;;;;;;
nd_type_1_r00096;Valeur NULL pour un attribut dont le remplissage est obligatoire. ;0;R;A;t_noeud;nd_type;nd_type;P;3;1;3;;;1;0;;;;;;;;
nd_type_ep_1_r00097;Valeur NULL pour un attribut dont le remplissage est obligatoire. ;0;R;A;t_noeud;nd_type_ep;nd_type_ep;P;3;1;3;;;1;0;;;;;;;;
nd_comment_1_r00098;Valeur NULL pour un attribut dont le remplissage est obligatoire. ;0;R;A;t_noeud;nd_comment;nd_comment;P;3;1;3;;;1;0;;;;;;;;
nd_dtclass_1_r00099;Valeur NULL pour un attribut dont le remplissage est obligatoire. ;0;R;A;t_noeud;nd_dtclass;nd_dtclass;P;3;1;3;;;1;0;;;;;;;;
nd_geolqlt_1_r00100;Valeur NULL pour un attribut dont le remplissage est obligatoire. ;0;R;A;t_noeud;nd_geolqlt;nd_geolqlt;P;3;1;3;;;1;0;;;;;;;;
nd_geolmod_1_r00101;Valeur NULL pour un attribut dont le remplissage est obligatoire. ;0;R;A;t_noeud;nd_geolmod;nd_geolmod;P;3;1;3;;;1;0;;;;;;;;
nd_geolsrc_1_r00102;Valeur NULL pour un attribut dont le remplissage est obligatoire. ;0;R;A;t_noeud;nd_geolsrc;nd_geolsrc;P;3;1;3;;;1;0;;;;;;;;
nd_creadat_1_r00103;Valeur NULL pour un attribut dont le remplissage est obligatoire. ;0;R;A;t_noeud;nd_creadat;nd_creadat;P;3;1;3;;;1;0;;;;;;;;
nd_majdate_1_r00104;Valeur NULL pour un attribut dont le remplissage est obligatoire. ;0;R;A;t_noeud;nd_majdate;nd_majdate;P;3;1;3;;;1;0;;;;;;;;
nd_majsrc_1_r00105;Valeur NULL pour un attribut dont le remplissage est obligatoire. ;0;R;A;t_noeud;nd_majsrc;nd_majsrc;P;3;1;3;;;1;0;;;;;;;;
nd_abddate_1_r00106;Valeur NULL pour un attribut dont le remplissage est obligatoire. ;0;R;A;t_noeud;nd_abddate;nd_abddate;P;3;1;3;;;1;0;;;;;;;;
nd_abdsrc_1_r00107;Valeur NULL pour un attribut dont le remplissage est obligatoire. ;0;R;A;t_noeud;nd_abdsrc;nd_abdsrc;P;3;1;3;;;1;0;;;;;;;;
nd_geom_1_r00108;Valeur NULL pour un attribut dont le remplissage est obligatoire. ;0;R;A;t_noeud;geom;nd_geom;P;3;1;3;;;1;0;;;;;;;;
zn_code_1_r00109;Valeur NULL pour un attribut dont le remplissage est obligatoire. ;0;R;A;t_znro;zn_code;zn_code;P;3;1;3;;;1;0;;;;;;;;
zn_nd_code_1_r00110;Valeur NULL pour un attribut dont le remplissage est obligatoire. ;0;R;A;t_znro;zn_nd_code;zn_nd_code;P;3;1;3;;;1;0;;;;;;;;
zn_r1_code_1_r00111;Valeur NULL pour un attribut dont le remplissage est obligatoire. ;0;R;A;t_znro;zn_r1_code;zn_r1_code;P;3;1;3;;;1;0;;;;;;;;
zn_r2_code_1_r00112;Valeur NULL pour un attribut dont le remplissage est obligatoire. ;0;R;A;t_znro;zn_r2_code;zn_r2_code;P;3;1;3;;;1;0;;;;;;;;
zn_r3_code_1_r00113;Valeur NULL pour un attribut dont le remplissage est obligatoire. ;0;R;A;t_znro;zn_r3_code;zn_r3_code;P;3;1;3;;;1;0;;;;;;;;
zn_r4_code_1_r00114;Valeur NULL pour un attribut dont le remplissage est obligatoire. ;0;R;A;t_znro;zn_r4_code;zn_r4_code;P;3;1;3;;;1;0;;;;;;;;
zn_nroref_1_r00115;Valeur NULL pour un attribut dont le remplissage est obligatoire. ;0;R;A;t_znro;zn_nroref;zn_nroref;P;3;1;3;;;1;0;;;;;;;;
zn_nrotype_1_r00116;Valeur NULL pour un attribut dont le remplissage est obligatoire. ;0;R;A;t_znro;zn_nrotype;zn_nrotype;P;3;1;3;;;1;0;;;;;;;;
zn_etat_1_r00117;Valeur NULL pour un attribut dont le remplissage est obligatoire. ;0;R;A;t_znro;zn_etat;zn_etat;P;3;1;3;;;1;0;;;;;;;;
zn_etatlpm_1_r00118;Valeur NULL pour un attribut dont le remplissage est obligatoire. ;0;R;A;t_znro;zn_etatlpm;zn_etatlpm;P;3;1;3;;;1;0;;;;;;;;
zn_datelpm_1_r00119;Valeur NULL pour un attribut dont le remplissage est obligatoire. ;0;R;A;t_znro;zn_datelpm;zn_datelpm;P;3;1;3;;;1;0;;;;;;;;
zn_comment_1_r00120;Valeur NULL pour un attribut dont le remplissage est obligatoire. ;0;R;A;t_znro;zn_comment;zn_comment;P;3;1;3;;;1;0;;;;;;;;
zn_geolsrc_1_r00121;Valeur NULL pour un attribut dont le remplissage est obligatoire. ;0;R;A;t_znro;zn_geolsrc;zn_geolsrc;P;3;1;3;;;1;0;;;;;;;;
zn_creadat_1_r00122;Valeur NULL pour un attribut dont le remplissage est obligatoire. ;0;R;A;t_znro;zn_creadat;zn_creadat;P;3;1;3;;;1;0;;;;;;;;
zn_majdate_1_r00123;Valeur NULL pour un attribut dont le remplissage est obligatoire. ;0;R;A;t_znro;zn_majdate;zn_majdate;P;3;1;3;;;1;0;;;;;;;;
zn_majsrc_1_r00124;Valeur NULL pour un attribut dont le remplissage est obligatoire. ;0;R;A;t_znro;zn_majsrc;zn_majsrc;P;3;1;3;;;1;0;;;;;;;;
zn_abddate_1_r00125;Valeur NULL pour un attribut dont le remplissage est obligatoire. ;0;R;A;t_znro;zn_abddate;zn_abddate;P;3;1;3;;;1;0;;;;;;;;
zn_abdsrc_1_r00126;Valeur NULL pour un attribut dont le remplissage est obligatoire. ;0;R;A;t_znro;zn_abdsrc;zn_abdsrc;P;3;1;3;;;1;0;;;;;;;;
zn_geom_1_r00127;Valeur NULL pour un attribut dont le remplissage est obligatoire. ;0;R;A;t_znro;geom;zn_geom;P;3;1;3;;;1;0;;;;;;;;
zs_code_1_r00128;Valeur NULL pour un attribut dont le remplissage est obligatoire. ;0;R;A;t_zsro;zs_code;zs_code;P;3;1;3;;;1;0;;;;;;;;
zs_nd_code_1_r00129;Valeur NULL pour un attribut dont le remplissage est obligatoire. ;0;R;A;t_zsro;zs_nd_code;zs_nd_code;P;3;1;3;;;1;0;;;;;;;;
zs_zn_code_1_r00130;Valeur NULL pour un attribut dont le remplissage est obligatoire. ;0;R;A;t_zsro;zs_zn_code;zs_zn_code;P;3;1;3;;;1;0;;;;;;;;
zs_r1_code_1_r00131;Valeur NULL pour un attribut dont le remplissage est obligatoire. ;0;R;A;t_zsro;zs_r1_code;zs_r1_code;P;3;1;3;;;1;0;;;;;;;;
zs_r2_code_1_r00132;Valeur NULL pour un attribut dont le remplissage est obligatoire. ;0;R;A;t_zsro;zs_r2_code;zs_r2_code;P;3;1;3;;;1;0;;;;;;;;
zs_r3_code_1_r00133;Valeur NULL pour un attribut dont le remplissage est obligatoire. ;0;R;A;t_zsro;zs_r3_code;zs_r3_code;P;3;1;3;;;1;0;;;;;;;;
zs_r4_code_1_r00134;Valeur NULL pour un attribut dont le remplissage est obligatoire. ;0;R;A;t_zsro;zs_r4_code;zs_r4_code;P;3;1;3;;;1;0;;;;;;;;
zs_refpm_1_r00135;Valeur NULL pour un attribut dont le remplissage est obligatoire. ;0;R;A;t_zsro;zs_refpm;zs_refpm;P;3;1;3;;;1;0;;;;;;;;
zs_etatpm_1_r00136;Valeur NULL pour un attribut dont le remplissage est obligatoire. ;0;R;A;t_zsro;zs_etatpm;zs_etatpm;P;3;1;3;;;1;0;;;;;;;;
zs_dateins_1_r00137;Valeur NULL pour un attribut dont le remplissage est obligatoire. ;0;R;A;t_zsro;zs_dateins;zs_dateins;P;3;1;3;;;1;0;;;;;;;;
zs_typeemp_1_r00138;Valeur NULL pour un attribut dont le remplissage est obligatoire. ;0;R;A;t_zsro;zs_typeemp;zs_typeemp;P;3;1;3;;;1;0;;;;;;;;
zs_capamax_1_r00139;Valeur NULL pour un attribut dont le remplissage est obligatoire. ;0;R;A;t_zsro;zs_capamax;zs_capamax;P;3;1;3;;;1;0;;;;;;;;
zs_ad_code_1_r00140;Valeur NULL pour un attribut dont le remplissage est obligatoire. ;0;R;A;t_zsro;zs_ad_code;zs_ad_code;P;3;1;3;;;1;0;;;;;;;;
zs_typeing_1_r00141;Valeur NULL pour un attribut dont le remplissage est obligatoire. ;0;R;A;t_zsro;zs_typeing;zs_typeing;P;3;1;3;;;1;0;;;;;;;;
zs_nblogmt_1_r00142;Valeur NULL pour un attribut dont le remplissage est obligatoire. ;0;R;A;t_zsro;zs_nblogmt;zs_nblogmt;P;3;1;3;;;1;0;;;;;;;;
zs_nbcolmt_1_r00143;Valeur NULL pour un attribut dont le remplissage est obligatoire. ;0;R;A;t_zsro;zs_nbcolmt;zs_nbcolmt;P;3;1;3;;;1;0;;;;;;;;
zs_datcomr_1_r00144;Valeur NULL pour un attribut dont le remplissage est obligatoire. ;0;R;A;t_zsro;zs_datcomr;zs_datcomr;P;3;1;3;;;1;0;;;;;;;;
zs_actif_1_r00145;Valeur NULL pour un attribut dont le remplissage est obligatoire. ;0;R;A;t_zsro;zs_actif;zs_actif;P;3;1;3;;;1;0;;;;;;;;
zs_datemad_1_r00146;Valeur NULL pour un attribut dont le remplissage est obligatoire. ;0;R;A;t_zsro;zs_datemad;zs_datemad;P;3;1;3;;;1;0;;;;;;;;
zs_accgest_1_r00147;Valeur NULL pour un attribut dont le remplissage est obligatoire. ;0;R;A;t_zsro;zs_accgest;zs_accgest;P;3;1;3;;;1;0;;;;;;;;
zs_brassoi_1_r00148;Valeur NULL pour un attribut dont le remplissage est obligatoire. ;0;R;A;t_zsro;zs_brassoi;zs_brassoi;P;3;1;3;;;1;0;;;;;;;;
zs_comment_1_r00149;Valeur NULL pour un attribut dont le remplissage est obligatoire. ;0;R;A;t_zsro;zs_comment;zs_comment;P;3;1;3;;;1;0;;;;;;;;
zs_geolsrc_1_r00150;Valeur NULL pour un attribut dont le remplissage est obligatoire. ;0;R;A;t_zsro;zs_geolsrc;zs_geolsrc;P;3;1;3;;;1;0;;;;;;;;
zs_creadat_1_r00151;Valeur NULL pour un attribut dont le remplissage est obligatoire. ;0;R;A;t_zsro;zs_creadat;zs_creadat;P;3;1;3;;;1;0;;;;;;;;
zs_majdate_1_r00152;Valeur NULL pour un attribut dont le remplissage est obligatoire. ;0;R;A;t_zsro;zs_majdate;zs_majdate;P;3;1;3;;;1;0;;;;;;;;
zs_majsrc_1_r00153;Valeur NULL pour un attribut dont le remplissage est obligatoire. ;0;R;A;t_zsro;zs_majsrc;zs_majsrc;P;3;1;3;;;1;0;;;;;;;;
zs_abddate_1_r00154;Valeur NULL pour un attribut dont le remplissage est obligatoire. ;0;R;A;t_zsro;zs_abddate;zs_abddate;P;3;1;3;;;1;0;;;;;;;;
zs_abdsrc_1_r00155;Valeur NULL pour un attribut dont le remplissage est obligatoire. ;0;R;A;t_zsro;zs_abdsrc;zs_abdsrc;P;3;1;3;;;1;0;;;;;;;;
zs_geom_1_r00156;Valeur NULL pour un attribut dont le remplissage est obligatoire. ;0;R;A;t_zsro;geom;zs_geom;P;3;1;3;;;1;0;;;;;;;;
zp_code_1_r00157;Valeur NULL pour un attribut dont le remplissage est obligatoire. ;0;R;A;t_zpbo;zp_code;zp_code;P;3;1;3;;;1;0;;;;;;;;
zp_nd_code_1_r00158;Valeur NULL pour un attribut dont le remplissage est obligatoire. ;0;R;A;t_zpbo;zp_nd_code;zp_nd_code;P;3;1;3;;;1;0;;;;;;;;
zp_zs_code_1_r00159;Valeur NULL pour un attribut dont le remplissage est obligatoire. ;0;R;A;t_zpbo;zp_zs_code;zp_zs_code;P;3;1;3;;;1;0;;;;;;;;
zp_r1_code_1_r00160;Valeur NULL pour un attribut dont le remplissage est obligatoire. ;0;R;A;t_zpbo;zp_r1_code;zp_r1_code;P;3;1;3;;;1;0;;;;;;;;
zp_r2_code_1_r00161;Valeur NULL pour un attribut dont le remplissage est obligatoire. ;0;R;A;t_zpbo;zp_r2_code;zp_r2_code;P;3;1;3;;;1;0;;;;;;;;
zp_r3_code_1_r00162;Valeur NULL pour un attribut dont le remplissage est obligatoire. ;0;R;A;t_zpbo;zp_r3_code;zp_r3_code;P;3;1;3;;;1;0;;;;;;;;
zp_r4_code_1_r00163;Valeur NULL pour un attribut dont le remplissage est obligatoire. ;0;R;A;t_zpbo;zp_r4_code;zp_r4_code;P;3;1;3;;;1;0;;;;;;;;
zp_capamax_1_r00164;Valeur NULL pour un attribut dont le remplissage est obligatoire. ;0;R;A;t_zpbo;zp_capamax;zp_capamax;P;3;1;3;;;1;0;;;;;;;;
zp_comment_1_r00165;Valeur NULL pour un attribut dont le remplissage est obligatoire. ;0;R;A;t_zpbo;zp_comment;zp_comment;P;3;1;3;;;1;0;;;;;;;;
zp_geolsrc_1_r00166;Valeur NULL pour un attribut dont le remplissage est obligatoire. ;0;R;A;t_zpbo;zp_geolsrc;zp_geolsrc;P;3;1;3;;;1;0;;;;;;;;
zp_creadat_1_r00167;Valeur NULL pour un attribut dont le remplissage est obligatoire. ;0;R;A;t_zpbo;zp_creadat;zp_creadat;P;3;1;3;;;1;0;;;;;;;;
zp_majdate_1_r00168;Valeur NULL pour un attribut dont le remplissage est obligatoire. ;0;R;A;t_zpbo;zp_majdate;zp_majdate;P;3;1;3;;;1;0;;;;;;;;
zp_majsrc_1_r00169;Valeur NULL pour un attribut dont le remplissage est obligatoire. ;0;R;A;t_zpbo;zp_majsrc;zp_majsrc;P;3;1;3;;;1;0;;;;;;;;
zp_abddate_1_r00170;Valeur NULL pour un attribut dont le remplissage est obligatoire. ;0;R;A;t_zpbo;zp_abddate;zp_abddate;P;3;1;3;;;1;0;;;;;;;;
zp_abdsrc_1_r00171;Valeur NULL pour un attribut dont le remplissage est obligatoire. ;0;R;A;t_zpbo;zp_abdsrc;zp_abdsrc;P;3;1;3;;;1;0;;;;;;;;
zp_geom_1_r00172;Valeur NULL pour un attribut dont le remplissage est obligatoire. ;0;R;A;t_zpbo;geom;zp_geom;P;3;1;3;;;1;0;;;;;;;;
zd_code_1_r00173;Valeur NULL pour un attribut dont le remplissage est obligatoire. ;0;R;A;t_zdep;zd_code;zd_code;P;3;1;3;;;1;0;;;;;;;;
zd_nd_code_1_r00174;Valeur NULL pour un attribut dont le remplissage est obligatoire. ;0;R;A;t_zdep;zd_nd_code;zd_nd_code;P;3;1;3;;;1;0;;;;;;;;
zd_zs_code_1_r00175;Valeur NULL pour un attribut dont le remplissage est obligatoire. ;0;R;A;t_zdep;zd_zs_code;zd_zs_code;P;3;1;3;;;1;0;;;;;;;;
zd_r1_code_1_r00176;Valeur NULL pour un attribut dont le remplissage est obligatoire. ;0;R;A;t_zdep;zd_r1_code;zd_r1_code;P;3;1;3;;;1;0;;;;;;;;
zd_r2_code_1_r00177;Valeur NULL pour un attribut dont le remplissage est obligatoire. ;0;R;A;t_zdep;zd_r2_code;zd_r2_code;P;3;1;3;;;1;0;;;;;;;;
zd_r3_code_1_r00178;Valeur NULL pour un attribut dont le remplissage est obligatoire. ;0;R;A;t_zdep;zd_r3_code;zd_r3_code;P;3;1;3;;;1;0;;;;;;;;
zd_r4_code_1_r00179;Valeur NULL pour un attribut dont le remplissage est obligatoire. ;0;R;A;t_zdep;zd_r4_code;zd_r4_code;P;3;1;3;;;1;0;;;;;;;;
zd_prop_1_r00180;Valeur NULL pour un attribut dont le remplissage est obligatoire. ;0;R;A;t_zdep;zd_prop;zd_prop;P;3;1;3;;;1;0;;;;;;;;
zd_gest_1_r00181;Valeur NULL pour un attribut dont le remplissage est obligatoire. ;0;R;A;t_zdep;zd_gest;zd_gest;P;3;1;3;;;1;0;;;;;;;;
zd_statut_1_r00182;Valeur NULL pour un attribut dont le remplissage est obligatoire. ;0;R;A;t_zdep;zd_statut;zd_statut;P;3;1;3;;;1;0;;;;;;;;
zd_comment_1_r00183;Valeur NULL pour un attribut dont le remplissage est obligatoire. ;0;R;A;t_zdep;zd_comment;zd_comment;P;3;1;3;;;1;0;;;;;;;;
zd_geolsrc_1_r00184;Valeur NULL pour un attribut dont le remplissage est obligatoire. ;0;R;A;t_zdep;zd_geolsrc;zd_geolsrc;P;3;1;3;;;1;0;;;;;;;;
zd_creadat_1_r00185;Valeur NULL pour un attribut dont le remplissage est obligatoire. ;0;R;A;t_zdep;zd_creadat;zd_creadat;P;3;1;3;;;1;0;;;;;;;;
zd_majdate_1_r00186;Valeur NULL pour un attribut dont le remplissage est obligatoire. ;0;R;A;t_zdep;zd_majdate;zd_majdate;P;3;1;3;;;1;0;;;;;;;;
zd_majsrc_1_r00187;Valeur NULL pour un attribut dont le remplissage est obligatoire. ;0;R;A;t_zdep;zd_majsrc;zd_majsrc;P;3;1;3;;;1;0;;;;;;;;
zd_abddate_1_r00188;Valeur NULL pour un attribut dont le remplissage est obligatoire. ;0;R;A;t_zdep;zd_abddate;zd_abddate;P;3;1;3;;;1;0;;;;;;;;
zd_abdsrc_1_r00189;Valeur NULL pour un attribut dont le remplissage est obligatoire. ;0;R;A;t_zdep;zd_abdsrc;zd_abdsrc;P;3;1;3;;;1;0;;;;;;;;
zd_geom_1_r00190;Valeur NULL pour un attribut dont le remplissage est obligatoire. ;0;R;A;t_zdep;geom;zd_geom;P;3;1;3;;;1;0;;;;;;;;
zc_code_1_r00191;Valeur NULL pour un attribut dont le remplissage est obligatoire. ;0;R;A;t_zcoax;zc_code;zc_code;P;3;1;3;;;1;0;;;;;;;;
zc_codeext_1_r00192;Valeur NULL pour un attribut dont le remplissage est obligatoire. ;0;R;A;t_zcoax;zc_codeext;zc_codeext;P;3;1;3;;;1;0;;;;;;;;
zc_nd_code_1_r00193;Valeur NULL pour un attribut dont le remplissage est obligatoire. ;0;R;A;t_zcoax;zc_nd_code;zc_nd_code;P;3;1;3;;;1;0;;;;;;;;
zc_r1_code_1_r00194;Valeur NULL pour un attribut dont le remplissage est obligatoire. ;0;R;A;t_zcoax;zc_r1_code;zc_r1_code;P;3;1;3;;;1;0;;;;;;;;
zc_r2_code_1_r00195;Valeur NULL pour un attribut dont le remplissage est obligatoire. ;0;R;A;t_zcoax;zc_r2_code;zc_r2_code;P;3;1;3;;;1;0;;;;;;;;
zc_r3_code_1_r00196;Valeur NULL pour un attribut dont le remplissage est obligatoire. ;0;R;A;t_zcoax;zc_r3_code;zc_r3_code;P;3;1;3;;;1;0;;;;;;;;
zc_r4_code_1_r00197;Valeur NULL pour un attribut dont le remplissage est obligatoire. ;0;R;A;t_zcoax;zc_r4_code;zc_r4_code;P;3;1;3;;;1;0;;;;;;;;
zc_prop_1_r00198;Valeur NULL pour un attribut dont le remplissage est obligatoire. ;0;R;A;t_zcoax;zc_prop;zc_prop;P;3;1;3;;;1;0;;;;;;;;
zc_gest_1_r00199;Valeur NULL pour un attribut dont le remplissage est obligatoire. ;0;R;A;t_zcoax;zc_gest;zc_gest;P;3;1;3;;;1;0;;;;;;;;
zc_statut_1_r00200;Valeur NULL pour un attribut dont le remplissage est obligatoire. ;0;R;A;t_zcoax;zc_statut;zc_statut;P;3;1;3;;;1;0;;;;;;;;
zc_comment_1_r00201;Valeur NULL pour un attribut dont le remplissage est obligatoire. ;0;R;A;t_zcoax;zc_comment;zc_comment;P;3;1;3;;;1;0;;;;;;;;
zc_geolsrc_1_r00202;Valeur NULL pour un attribut dont le remplissage est obligatoire. ;0;R;A;t_zcoax;zc_geolsrc;zc_geolsrc;P;3;1;3;;;1;0;;;;;;;;
zc_creadat_1_r00203;Valeur NULL pour un attribut dont le remplissage est obligatoire. ;0;R;A;t_zcoax;zc_creadat;zc_creadat;P;3;1;3;;;1;0;;;;;;;;
zc_majdate_1_r00204;Valeur NULL pour un attribut dont le remplissage est obligatoire. ;0;R;A;t_zcoax;zc_majdate;zc_majdate;P;3;1;3;;;1;0;;;;;;;;
zc_majsrc_1_r00205;Valeur NULL pour un attribut dont le remplissage est obligatoire. ;0;R;A;t_zcoax;zc_majsrc;zc_majsrc;P;3;1;3;;;1;0;;;;;;;;
zc_abddate_1_r00206;Valeur NULL pour un attribut dont le remplissage est obligatoire. ;0;R;A;t_zcoax;zc_abddate;zc_abddate;P;3;1;3;;;1;0;;;;;;;;
zc_abdsrc_1_r00207;Valeur NULL pour un attribut dont le remplissage est obligatoire. ;0;R;A;t_zcoax;zc_abdsrc;zc_abdsrc;P;3;1;3;;;1;0;;;;;;;;
zc_geom_1_r00208;Valeur NULL pour un attribut dont le remplissage est obligatoire. ;0;R;A;t_zcoax;geom;zc_geom;P;3;1;3;;;1;0;;;;;;;;
st_code_1_r00209;Valeur NULL pour un attribut dont le remplissage est obligatoire. ;0;R;A;t_sitetech;st_code;st_code;P;3;1;3;;;1;0;;;;;;;;
st_nd_code_1_r00210;Valeur NULL pour un attribut dont le remplissage est obligatoire. ;0;R;A;t_sitetech;st_nd_code;st_nd_code;P;3;1;3;;;1;0;;;;;;;;
st_codeext_1_r00211;Valeur NULL pour un attribut dont le remplissage est obligatoire. ;0;R;A;t_sitetech;st_codeext;st_codeext;P;3;1;3;;;1;0;;;;;;;;
st_nom_1_r00212;Valeur NULL pour un attribut dont le remplissage est obligatoire. ;0;R;A;t_sitetech;st_nom;st_nom;P;3;1;3;;;1;0;;;;;;;;
st_prop_1_r00213;Valeur NULL pour un attribut dont le remplissage est obligatoire. ;0;R;A;t_sitetech;st_prop;st_prop;P;3;1;3;;;1;0;;;;;;;;
st_gest_1_r00214;Valeur NULL pour un attribut dont le remplissage est obligatoire. ;0;R;A;t_sitetech;st_gest;st_gest;P;3;1;3;;;1;0;;;;;;;;
st_user_1_r00215;Valeur NULL pour un attribut dont le remplissage est obligatoire. ;0;R;A;t_sitetech;st_user;st_user;P;3;1;3;;;1;0;;;;;;;;
st_proptyp_1_r00216;Valeur NULL pour un attribut dont le remplissage est obligatoire. ;0;R;A;t_sitetech;st_proptyp;st_proptyp;P;3;1;3;;;1;0;;;;;;;;
st_statut_1_r00217;Valeur NULL pour un attribut dont le remplissage est obligatoire. ;0;R;A;t_sitetech;st_statut;st_statut;P;3;1;3;;;1;0;;;;;;;;
st_etat_1_r00218;Valeur NULL pour un attribut dont le remplissage est obligatoire. ;0;R;A;t_sitetech;st_etat;st_etat;P;3;1;3;;;1;0;;;;;;;;
st_dateins_1_r00219;Valeur NULL pour un attribut dont le remplissage est obligatoire. ;0;R;A;t_sitetech;st_dateins;st_dateins;P;3;1;3;;;1;0;;;;;;;;
st_datemes_1_r00220;Valeur NULL pour un attribut dont le remplissage est obligatoire. ;0;R;A;t_sitetech;st_datemes;st_datemes;P;3;1;3;;;1;0;;;;;;;;
st_avct_1_r00221;Valeur NULL pour un attribut dont le remplissage est obligatoire. ;0;R;A;t_sitetech;st_avct;st_avct;P;3;1;3;;;1;0;;;;;;;;
st_typephy_1_r00222;Valeur NULL pour un attribut dont le remplissage est obligatoire. ;0;R;A;t_sitetech;st_typephy;st_typephy;P;3;1;3;;;1;0;;;;;;;;
st_typelog_1_r00223;Valeur NULL pour un attribut dont le remplissage est obligatoire. ;0;R;A;t_sitetech;st_typelog;st_typelog;P;3;1;3;;;1;0;;;;;;;;
st_nblines_1_r00224;Valeur NULL pour un attribut dont le remplissage est obligatoire. ;0;R;A;t_sitetech;st_nblines;st_nblines;P;3;1;3;;;1;0;;;;;;;;
st_ad_code_1_r00225;Valeur NULL pour un attribut dont le remplissage est obligatoire. ;0;R;A;t_sitetech;st_ad_code;st_ad_code;P;3;1;3;;;1;0;;;;;;;;
st_comment_1_r00226;Valeur NULL pour un attribut dont le remplissage est obligatoire. ;0;R;A;t_sitetech;st_comment;st_comment;P;3;1;3;;;1;0;;;;;;;;
st_creadat_1_r00227;Valeur NULL pour un attribut dont le remplissage est obligatoire. ;0;R;A;t_sitetech;st_creadat;st_creadat;P;3;1;3;;;1;0;;;;;;;;
st_majdate_1_r00228;Valeur NULL pour un attribut dont le remplissage est obligatoire. ;0;R;A;t_sitetech;st_majdate;st_majdate;P;3;1;3;;;1;0;;;;;;;;
st_majsrc_1_r00229;Valeur NULL pour un attribut dont le remplissage est obligatoire. ;0;R;A;t_sitetech;st_majsrc;st_majsrc;P;3;1;3;;;1;0;;;;;;;;
st_abddate_1_r00230;Valeur NULL pour un attribut dont le remplissage est obligatoire. ;0;R;A;t_sitetech;st_abddate;st_abddate;P;3;1;3;;;1;0;;;;;;;;
st_abdsrc_1_r00231;Valeur NULL pour un attribut dont le remplissage est obligatoire. ;0;R;A;t_sitetech;st_abdsrc;st_abdsrc;P;3;1;3;;;1;0;;;;;;;;
lt_code_1_r00232;Valeur NULL pour un attribut dont le remplissage est obligatoire. ;0;R;A;t_ltech;lt_code;lt_code;P;3;1;3;;;1;0;;;;;;;;
lt_codeext_1_r00233;Valeur NULL pour un attribut dont le remplissage est obligatoire. ;0;R;A;t_ltech;lt_codeext;lt_codeext;P;3;1;3;;;1;0;;;;;;;;
lt_etiquet_1_r00234;Valeur NULL pour un attribut dont le remplissage est obligatoire. ;0;R;A;t_ltech;lt_etiquet;lt_etiquet;P;3;1;3;;;1;0;;;;;;;;
lt_st_code_1_r00235;Valeur NULL pour un attribut dont le remplissage est obligatoire. ;0;R;A;t_ltech;lt_st_code;lt_st_code;P;3;1;3;;;1;0;;;;;;;;
lt_prop_1_r00236;Valeur NULL pour un attribut dont le remplissage est obligatoire. ;0;R;A;t_ltech;lt_prop;lt_prop;P;3;1;3;;;1;0;;;;;;;;
lt_gest_1_r00237;Valeur NULL pour un attribut dont le remplissage est obligatoire. ;0;R;A;t_ltech;lt_gest;lt_gest;P;3;1;3;;;1;0;;;;;;;;
lt_user_1_r00238;Valeur NULL pour un attribut dont le remplissage est obligatoire. ;0;R;A;t_ltech;lt_user;lt_user;P;3;1;3;;;1;0;;;;;;;;
lt_proptyp_1_r00239;Valeur NULL pour un attribut dont le remplissage est obligatoire. ;0;R;A;t_ltech;lt_proptyp;lt_proptyp;P;3;1;3;;;1;0;;;;;;;;
lt_statut_1_r00240;Valeur NULL pour un attribut dont le remplissage est obligatoire. ;0;R;A;t_ltech;lt_statut;lt_statut;P;3;1;3;;;1;0;;;;;;;;
lt_etat_1_r00241;Valeur NULL pour un attribut dont le remplissage est obligatoire. ;0;R;A;t_ltech;lt_etat;lt_etat;P;3;1;3;;;1;0;;;;;;;;
lt_dateins_1_r00242;Valeur NULL pour un attribut dont le remplissage est obligatoire. ;0;R;A;t_ltech;lt_dateins;lt_dateins;P;3;1;3;;;1;0;;;;;;;;
lt_datemes_1_r00243;Valeur NULL pour un attribut dont le remplissage est obligatoire. ;0;R;A;t_ltech;lt_datemes;lt_datemes;P;3;1;3;;;1;0;;;;;;;;
lt_local_1_r00244;Valeur NULL pour un attribut dont le remplissage est obligatoire. ;0;R;A;t_ltech;lt_local;lt_local;P;3;1;3;;;1;0;;;;;;;;
lt_elec_1_r00245;Valeur NULL pour un attribut dont le remplissage est obligatoire. ;0;R;A;t_ltech;lt_elec;lt_elec;P;3;1;3;;;1;0;;;;;;;;
lt_clim_1_r00246;Valeur NULL pour un attribut dont le remplissage est obligatoire. ;0;R;A;t_ltech;lt_clim;lt_clim;P;3;1;3;;;1;0;;;;;;;;
lt_occp_1_r00247;Valeur NULL pour un attribut dont le remplissage est obligatoire. ;0;R;A;t_ltech;lt_occp;lt_occp;P;3;1;3;;;1;0;;;;;;;;
lt_idmajic_1_r00248;Valeur NULL pour un attribut dont le remplissage est obligatoire. ;0;R;A;t_ltech;lt_idmajic;lt_idmajic;P;3;1;3;;;1;0;;;;;;;;
lt_comment_1_r00249;Valeur NULL pour un attribut dont le remplissage est obligatoire. ;0;R;A;t_ltech;lt_comment;lt_comment;P;3;1;3;;;1;0;;;;;;;;
lt_creadat_1_r00250;Valeur NULL pour un attribut dont le remplissage est obligatoire. ;0;R;A;t_ltech;lt_creadat;lt_creadat;P;3;1;3;;;1;0;;;;;;;;
lt_majdate_1_r00251;Valeur NULL pour un attribut dont le remplissage est obligatoire. ;0;R;A;t_ltech;lt_majdate;lt_majdate;P;3;1;3;;;1;0;;;;;;;;
lt_majsrc_1_r00252;Valeur NULL pour un attribut dont le remplissage est obligatoire. ;0;R;A;t_ltech;lt_majsrc;lt_majsrc;P;3;1;3;;;1;0;;;;;;;;
lt_abddate_1_r00253;Valeur NULL pour un attribut dont le remplissage est obligatoire. ;0;R;A;t_ltech;lt_abddate;lt_abddate;P;3;1;3;;;1;0;;;;;;;;
lt_abdsrc_1_r00254;Valeur NULL pour un attribut dont le remplissage est obligatoire. ;0;R;A;t_ltech;lt_abdsrc;lt_abdsrc;P;3;1;3;;;1;0;;;;;;;;
ba_code_1_r00255;Valeur NULL pour un attribut dont le remplissage est obligatoire. ;0;R;A;t_baie;ba_code;ba_code;P;3;1;3;;;1;0;;;;;;;;
ba_codeext_1_r00256;Valeur NULL pour un attribut dont le remplissage est obligatoire. ;0;R;A;t_baie;ba_codeext;ba_codeext;P;3;1;3;;;1;0;;;;;;;;
ba_etiquet_1_r00257;Valeur NULL pour un attribut dont le remplissage est obligatoire. ;0;R;A;t_baie;ba_etiquet;ba_etiquet;P;3;1;3;;;1;0;;;;;;;;
ba_lt_code_1_r00258;Valeur NULL pour un attribut dont le remplissage est obligatoire. ;0;R;A;t_baie;ba_lt_code;ba_lt_code;P;3;1;3;;;1;0;;;;;;;;
ba_prop_1_r00259;Valeur NULL pour un attribut dont le remplissage est obligatoire. ;0;R;A;t_baie;ba_prop;ba_prop;P;3;1;3;;;1;0;;;;;;;;
ba_gest_1_r00260;Valeur NULL pour un attribut dont le remplissage est obligatoire. ;0;R;A;t_baie;ba_gest;ba_gest;P;3;1;3;;;1;0;;;;;;;;
ba_user_1_r00261;Valeur NULL pour un attribut dont le remplissage est obligatoire. ;0;R;A;t_baie;ba_user;ba_user;P;3;1;3;;;1;0;;;;;;;;
ba_proptyp_1_r00262;Valeur NULL pour un attribut dont le remplissage est obligatoire. ;0;R;A;t_baie;ba_proptyp;ba_proptyp;P;3;1;3;;;1;0;;;;;;;;
ba_statut_1_r00263;Valeur NULL pour un attribut dont le remplissage est obligatoire. ;0;R;A;t_baie;ba_statut;ba_statut;P;3;1;3;;;1;0;;;;;;;;
ba_etat_1_r00264;Valeur NULL pour un attribut dont le remplissage est obligatoire. ;0;R;A;t_baie;ba_etat;ba_etat;P;3;1;3;;;1;0;;;;;;;;
ba_rf_code_1_r00265;Valeur NULL pour un attribut dont le remplissage est obligatoire. ;0;R;A;t_baie;ba_rf_code;ba_rf_code;P;3;1;3;;;1;0;;;;;;;;
ba_type_1_r00266;Valeur NULL pour un attribut dont le remplissage est obligatoire. ;0;R;A;t_baie;ba_type;ba_type;P;3;1;3;;;1;0;;;;;;;;
ba_nb_u_1_r00267;Valeur NULL pour un attribut dont le remplissage est obligatoire. ;0;R;A;t_baie;ba_nb_u;ba_nb_u;P;3;1;3;;;1;0;;;;;;;;
ba_haut_1_r00268;Valeur NULL pour un attribut dont le remplissage est obligatoire. ;0;R;A;t_baie;ba_haut;ba_haut;P;3;1;3;;;1;0;;;;;;;;
ba_larg_1_r00269;Valeur NULL pour un attribut dont le remplissage est obligatoire. ;0;R;A;t_baie;ba_larg;ba_larg;P;3;1;3;;;1;0;;;;;;;;
ba_prof_1_r00270;Valeur NULL pour un attribut dont le remplissage est obligatoire. ;0;R;A;t_baie;ba_prof;ba_prof;P;3;1;3;;;1;0;;;;;;;;
ba_comment_1_r00271;Valeur NULL pour un attribut dont le remplissage est obligatoire. ;0;R;A;t_baie;ba_comment;ba_comment;P;3;1;3;;;1;0;;;;;;;;
ba_creadat_1_r00272;Valeur NULL pour un attribut dont le remplissage est obligatoire. ;0;R;A;t_baie;ba_creadat;ba_creadat;P;3;1;3;;;1;0;;;;;;;;
ba_majdate_1_r00273;Valeur NULL pour un attribut dont le remplissage est obligatoire. ;0;R;A;t_baie;ba_majdate;ba_majdate;P;3;1;3;;;1;0;;;;;;;;
ba_majsrc_1_r00274;Valeur NULL pour un attribut dont le remplissage est obligatoire. ;0;R;A;t_baie;ba_majsrc;ba_majsrc;P;3;1;3;;;1;0;;;;;;;;
ba_abddate_1_r00275;Valeur NULL pour un attribut dont le remplissage est obligatoire. ;0;R;A;t_baie;ba_abddate;ba_abddate;P;3;1;3;;;1;0;;;;;;;;
ba_abdsrc_1_r00276;Valeur NULL pour un attribut dont le remplissage est obligatoire. ;0;R;A;t_baie;ba_abdsrc;ba_abdsrc;P;3;1;3;;;1;0;;;;;;;;
ti_code_1_r00277;Valeur NULL pour un attribut dont le remplissage est obligatoire. ;0;R;A;t_tiroir;ti_code;ti_code;P;3;1;3;;;1;0;;;;;;;;
ti_codeext_1_r00278;Valeur NULL pour un attribut dont le remplissage est obligatoire. ;0;R;A;t_tiroir;ti_codeext;ti_codeext;P;3;1;3;;;1;0;;;;;;;;
ti_etiquet_1_r00279;Valeur NULL pour un attribut dont le remplissage est obligatoire. ;0;R;A;t_tiroir;ti_etiquet;ti_etiquet;P;3;1;3;;;1;0;;;;;;;;
ti_ba_code_1_r00280;Valeur NULL pour un attribut dont le remplissage est obligatoire. ;0;R;A;t_tiroir;ti_ba_code;ti_ba_code;P;3;1;3;;;1;0;;;;;;;;
ti_prop_1_r00281;Valeur NULL pour un attribut dont le remplissage est obligatoire. ;0;R;A;t_tiroir;ti_prop;ti_prop;P;3;1;3;;;1;0;;;;;;;;
ti_etat_1_r00282;Valeur NULL pour un attribut dont le remplissage est obligatoire. ;0;R;A;t_tiroir;ti_etat;ti_etat;P;3;1;3;;;1;0;;;;;;;;
ti_type_1_r00283;Valeur NULL pour un attribut dont le remplissage est obligatoire. ;0;R;A;t_tiroir;ti_type;ti_type;P;3;1;3;;;1;0;;;;;;;;
ti_rf_code_1_r00284;Valeur NULL pour un attribut dont le remplissage est obligatoire. ;0;R;A;t_tiroir;ti_rf_code;ti_rf_code;P;3;1;3;;;1;0;;;;;;;;
ti_taille_1_r00285;Valeur NULL pour un attribut dont le remplissage est obligatoire. ;0;R;A;t_tiroir;ti_taille;ti_taille;P;3;1;3;;;1;0;;;;;;;;
ti_placemt_1_r00286;Valeur NULL pour un attribut dont le remplissage est obligatoire. ;0;R;A;t_tiroir;ti_placemt;ti_placemt;P;3;1;3;;;1;0;;;;;;;;
ti_localis_1_r00287;Valeur NULL pour un attribut dont le remplissage est obligatoire. ;0;R;A;t_tiroir;ti_localis;ti_localis;P;3;1;3;;;1;0;;;;;;;;
ti_comment_1_r00288;Valeur NULL pour un attribut dont le remplissage est obligatoire. ;0;R;A;t_tiroir;ti_comment;ti_comment;P;3;1;3;;;1;0;;;;;;;;
ti_creadat_1_r00289;Valeur NULL pour un attribut dont le remplissage est obligatoire. ;0;R;A;t_tiroir;ti_creadat;ti_creadat;P;3;1;3;;;1;0;;;;;;;;
ti_majdate_1_r00290;Valeur NULL pour un attribut dont le remplissage est obligatoire. ;0;R;A;t_tiroir;ti_majdate;ti_majdate;P;3;1;3;;;1;0;;;;;;;;
ti_majsrc_1_r00291;Valeur NULL pour un attribut dont le remplissage est obligatoire. ;0;R;A;t_tiroir;ti_majsrc;ti_majsrc;P;3;1;3;;;1;0;;;;;;;;
ti_abddate_1_r00292;Valeur NULL pour un attribut dont le remplissage est obligatoire. ;0;R;A;t_tiroir;ti_abddate;ti_abddate;P;3;1;3;;;1;0;;;;;;;;
ti_abdsrc_1_r00293;Valeur NULL pour un attribut dont le remplissage est obligatoire. ;0;R;A;t_tiroir;ti_abdsrc;ti_abdsrc;P;3;1;3;;;1;0;;;;;;;;
eq_code_1_r00294;Valeur NULL pour un attribut dont le remplissage est obligatoire. ;0;R;A;t_equipement;eq_code;eq_code;P;3;1;3;;;1;0;;;;;;;;
eq_codeext_1_r00295;Valeur NULL pour un attribut dont le remplissage est obligatoire. ;0;R;A;t_equipement;eq_codeext;eq_codeext;P;3;1;3;;;1;0;;;;;;;;
eq_etiquet_1_r00296;Valeur NULL pour un attribut dont le remplissage est obligatoire. ;0;R;A;t_equipement;eq_etiquet;eq_etiquet;P;3;1;3;;;1;0;;;;;;;;
eq_ba_code_1_r00297;Valeur NULL pour un attribut dont le remplissage est obligatoire. ;0;R;A;t_equipement;eq_ba_code;eq_ba_code;P;3;1;3;;;1;0;;;;;;;;
eq_prop_1_r00298;Valeur NULL pour un attribut dont le remplissage est obligatoire. ;0;R;A;t_equipement;eq_prop;eq_prop;P;3;1;3;;;1;0;;;;;;;;
eq_rf_code_1_r00299;Valeur NULL pour un attribut dont le remplissage est obligatoire. ;0;R;A;t_equipement;eq_rf_code;eq_rf_code;P;3;1;3;;;1;0;;;;;;;;
eq_dateins_1_r00300;Valeur NULL pour un attribut dont le remplissage est obligatoire. ;0;R;A;t_equipement;eq_dateins;eq_dateins;P;3;1;3;;;1;0;;;;;;;;
eq_datemes_1_r00301;Valeur NULL pour un attribut dont le remplissage est obligatoire. ;0;R;A;t_equipement;eq_datemes;eq_datemes;P;3;1;3;;;1;0;;;;;;;;
eq_comment_1_r00302;Valeur NULL pour un attribut dont le remplissage est obligatoire. ;0;R;A;t_equipement;eq_comment;eq_comment;P;3;1;3;;;1;0;;;;;;;;
eq_creadat_1_r00303;Valeur NULL pour un attribut dont le remplissage est obligatoire. ;0;R;A;t_equipement;eq_creadat;eq_creadat;P;3;1;3;;;1;0;;;;;;;;
eq_majdate_1_r00304;Valeur NULL pour un attribut dont le remplissage est obligatoire. ;0;R;A;t_equipement;eq_majdate;eq_majdate;P;3;1;3;;;1;0;;;;;;;;
eq_majsrc_1_r00305;Valeur NULL pour un attribut dont le remplissage est obligatoire. ;0;R;A;t_equipement;eq_majsrc;eq_majsrc;P;3;1;3;;;1;0;;;;;;;;
eq_abddate_1_r00306;Valeur NULL pour un attribut dont le remplissage est obligatoire. ;0;R;A;t_equipement;eq_abddate;eq_abddate;P;3;1;3;;;1;0;;;;;;;;
eq_abdsrc_1_r00307;Valeur NULL pour un attribut dont le remplissage est obligatoire. ;0;R;A;t_equipement;eq_abdsrc;eq_abdsrc;P;3;1;3;;;1;0;;;;;;;;
sf_code_1_r00308;Valeur NULL pour un attribut dont le remplissage est obligatoire. ;0;R;A;t_suf;sf_code;sf_code;P;3;1;3;;;1;0;;;;;;;;
sf_nd_code_1_r00309;Valeur NULL pour un attribut dont le remplissage est obligatoire. ;0;R;A;t_suf;sf_nd_code;sf_nd_code;P;3;1;3;;;1;0;;;;;;;;
sf_ad_code_1_r00310;Valeur NULL pour un attribut dont le remplissage est obligatoire. ;0;R;A;t_suf;sf_ad_code;sf_ad_code;P;3;1;3;;;1;0;;;;;;;;
sf_zp_code_1_r00311;Valeur NULL pour un attribut dont le remplissage est obligatoire. ;0;R;A;t_suf;sf_zp_code;sf_zp_code;P;3;1;3;;;1;0;;;;;;;;
sf_escal_1_r00312;Valeur NULL pour un attribut dont le remplissage est obligatoire. ;0;R;A;t_suf;sf_escal;sf_escal;P;3;1;3;;;1;0;;;;;;;;
sf_etage_1_r00313;Valeur NULL pour un attribut dont le remplissage est obligatoire. ;0;R;A;t_suf;sf_etage;sf_etage;P;3;1;3;;;1;0;;;;;;;;
sf_oper_1_r00314;Valeur NULL pour un attribut dont le remplissage est obligatoire. ;0;R;A;t_suf;sf_oper;sf_oper;P;3;1;3;;;1;0;;;;;;;;
sf_type_1_r00315;Valeur NULL pour un attribut dont le remplissage est obligatoire. ;0;R;A;t_suf;sf_type;sf_type;P;3;1;3;;;1;0;;;;;;;;
sf_prop_1_r00316;Valeur NULL pour un attribut dont le remplissage est obligatoire. ;0;R;A;t_suf;sf_prop;sf_prop;P;3;1;3;;;1;0;;;;;;;;
sf_resid_1_r00317;Valeur NULL pour un attribut dont le remplissage est obligatoire. ;0;R;A;t_suf;sf_resid;sf_resid;P;3;1;3;;;1;0;;;;;;;;
sf_local_1_r00318;Valeur NULL pour un attribut dont le remplissage est obligatoire. ;0;R;A;t_suf;sf_local;sf_local;P;3;1;3;;;1;0;;;;;;;;
sf_racco_1_r00319;Valeur NULL pour un attribut dont le remplissage est obligatoire. ;0;R;A;t_suf;sf_racco;sf_racco;P;3;1;3;;;1;0;;;;;;;;
sf_comment_1_r00320;Valeur NULL pour un attribut dont le remplissage est obligatoire. ;0;R;A;t_suf;sf_comment;sf_comment;P;3;1;3;;;1;0;;;;;;;;
sf_creadat_1_r00321;Valeur NULL pour un attribut dont le remplissage est obligatoire. ;0;R;A;t_suf;sf_creadat;sf_creadat;P;3;1;3;;;1;0;;;;;;;;
sf_majdate_1_r00322;Valeur NULL pour un attribut dont le remplissage est obligatoire. ;0;R;A;t_suf;sf_majdate;sf_majdate;P;3;1;3;;;1;0;;;;;;;;
sf_majsrc_1_r00323;Valeur NULL pour un attribut dont le remplissage est obligatoire. ;0;R;A;t_suf;sf_majsrc;sf_majsrc;P;3;1;3;;;1;0;;;;;;;;
sf_abddate_1_r00324;Valeur NULL pour un attribut dont le remplissage est obligatoire. ;0;R;A;t_suf;sf_abddate;sf_abddate;P;3;1;3;;;1;0;;;;;;;;
sf_abdsrc_1_r00325;Valeur NULL pour un attribut dont le remplissage est obligatoire. ;0;R;A;t_suf;sf_abdsrc;sf_abdsrc;P;3;1;3;;;1;0;;;;;;;;
pt_code_1_r00326;Valeur NULL pour un attribut dont le remplissage est obligatoire. ;0;R;A;t_ptech;pt_code;pt_code;P;3;1;3;;;1;0;;;;;;;;
pt_codeext_1_r00327;Valeur NULL pour un attribut dont le remplissage est obligatoire. ;0;R;A;t_ptech;pt_codeext;pt_codeext;P;3;1;3;;;1;0;;;;;;;;
pt_etiquet_1_r00328;Valeur NULL pour un attribut dont le remplissage est obligatoire. ;0;R;A;t_ptech;pt_etiquet;pt_etiquet;P;3;1;3;;;1;0;;;;;;;;
pt_nd_code_1_r00329;Valeur NULL pour un attribut dont le remplissage est obligatoire. ;0;R;A;t_ptech;pt_nd_code;pt_nd_code;P;3;1;3;;;1;0;;;;;;;;
pt_ad_code_1_r00330;Valeur NULL pour un attribut dont le remplissage est obligatoire. ;0;R;A;t_ptech;pt_ad_code;pt_ad_code;P;3;1;3;;;1;0;;;;;;;;
pt_gest_do_1_r00331;Valeur NULL pour un attribut dont le remplissage est obligatoire. ;0;R;A;t_ptech;pt_gest_do;pt_gest_do;P;3;1;3;;;1;0;;;;;;;;
pt_prop_do_1_r00332;Valeur NULL pour un attribut dont le remplissage est obligatoire. ;0;R;A;t_ptech;pt_prop_do;pt_prop_do;P;3;1;3;;;1;0;;;;;;;;
pt_prop_1_r00333;Valeur NULL pour un attribut dont le remplissage est obligatoire. ;0;R;A;t_ptech;pt_prop;pt_prop;P;3;1;3;;;1;0;;;;;;;;
pt_gest_1_r00334;Valeur NULL pour un attribut dont le remplissage est obligatoire. ;0;R;A;t_ptech;pt_gest;pt_gest;P;3;1;3;;;1;0;;;;;;;;
pt_user_1_r00335;Valeur NULL pour un attribut dont le remplissage est obligatoire. ;0;R;A;t_ptech;pt_user;pt_user;P;3;1;3;;;1;0;;;;;;;;
pt_proptyp_1_r00336;Valeur NULL pour un attribut dont le remplissage est obligatoire. ;0;R;A;t_ptech;pt_proptyp;pt_proptyp;P;3;1;3;;;1;0;;;;;;;;
pt_statut_1_r00337;Valeur NULL pour un attribut dont le remplissage est obligatoire. ;0;R;A;t_ptech;pt_statut;pt_statut;P;3;1;3;;;1;0;;;;;;;;
pt_etat_1_r00338;Valeur NULL pour un attribut dont le remplissage est obligatoire. ;0;R;A;t_ptech;pt_etat;pt_etat;P;3;1;3;;;1;0;;;;;;;;
pt_dateins_1_r00339;Valeur NULL pour un attribut dont le remplissage est obligatoire. ;0;R;A;t_ptech;pt_dateins;pt_dateins;P;3;1;3;;;1;0;;;;;;;;
pt_datemes_1_r00340;Valeur NULL pour un attribut dont le remplissage est obligatoire. ;0;R;A;t_ptech;pt_datemes;pt_datemes;P;3;1;3;;;1;0;;;;;;;;
pt_avct_1_r00341;Valeur NULL pour un attribut dont le remplissage est obligatoire. ;0;R;A;t_ptech;pt_avct;pt_avct;P;3;1;3;;;1;0;;;;;;;;
pt_typephy_1_r00342;Valeur NULL pour un attribut dont le remplissage est obligatoire. ;0;R;A;t_ptech;pt_typephy;pt_typephy;P;3;1;3;;;1;0;;;;;;;;
pt_typelog_1_r00343;Valeur NULL pour un attribut dont le remplissage est obligatoire. ;0;R;A;t_ptech;pt_typelog;pt_typelog;P;3;1;3;;;1;0;;;;;;;;
pt_rf_code_1_r00344;Valeur NULL pour un attribut dont le remplissage est obligatoire. ;0;R;A;t_ptech;pt_rf_code;pt_rf_code;P;3;1;3;;;1;0;;;;;;;;
pt_nature_1_r00345;Valeur NULL pour un attribut dont le remplissage est obligatoire. ;0;R;A;t_ptech;pt_nature;pt_nature;P;3;1;3;;;1;0;;;;;;;;
pt_secu_1_r00346;Valeur NULL pour un attribut dont le remplissage est obligatoire. ;0;R;A;t_ptech;pt_secu;pt_secu;P;3;1;3;;;1;0;;;;;;;;
pt_occp_1_r00347;Valeur NULL pour un attribut dont le remplissage est obligatoire. ;0;R;A;t_ptech;pt_occp;pt_occp;P;3;1;3;;;1;0;;;;;;;;
pt_a_dan_1_r00348;Valeur NULL pour un attribut dont le remplissage est obligatoire. ;0;R;A;t_ptech;pt_a_dan;pt_a_dan;P;3;1;3;;;1;0;;;;;;;;
pt_a_dtetu_1_r00349;Valeur NULL pour un attribut dont le remplissage est obligatoire. ;0;R;A;t_ptech;pt_a_dtetu;pt_a_dtetu;P;3;1;3;;;1;0;;;;;;;;
pt_a_struc_1_r00350;Valeur NULL pour un attribut dont le remplissage est obligatoire. ;0;R;A;t_ptech;pt_a_struc;pt_a_struc;P;3;1;3;;;1;0;;;;;;;;
pt_a_haut_1_r00351;Valeur NULL pour un attribut dont le remplissage est obligatoire. ;0;R;A;t_ptech;pt_a_haut;pt_a_haut;P;3;1;3;;;1;0;;;;;;;;
pt_a_passa_1_r00352;Valeur NULL pour un attribut dont le remplissage est obligatoire. ;0;R;A;t_ptech;pt_a_passa;pt_a_passa;P;3;1;3;;;1;0;;;;;;;;
pt_a_strat_1_r00353;Valeur NULL pour un attribut dont le remplissage est obligatoire. ;0;R;A;t_ptech;pt_a_strat;pt_a_strat;P;3;1;3;;;1;0;;;;;;;;
pt_rotatio_1_r00354;Valeur NULL pour un attribut dont le remplissage est obligatoire. ;0;R;A;t_ptech;pt_rotatio;pt_rotatio;P;3;1;3;;;1;0;;;;;;;;
pt_detec_1_r00355;Valeur NULL pour un attribut dont le remplissage est obligatoire. ;0;R;A;t_ptech;pt_detec;pt_detec;P;3;1;3;;;1;0;;;;;;;;
pt_comment_1_r00356;Valeur NULL pour un attribut dont le remplissage est obligatoire. ;0;R;A;t_ptech;pt_comment;pt_comment;P;3;1;3;;;1;0;;;;;;;;
pt_creadat_1_r00357;Valeur NULL pour un attribut dont le remplissage est obligatoire. ;0;R;A;t_ptech;pt_creadat;pt_creadat;P;3;1;3;;;1;0;;;;;;;;
pt_majdate_1_r00358;Valeur NULL pour un attribut dont le remplissage est obligatoire. ;0;R;A;t_ptech;pt_majdate;pt_majdate;P;3;1;3;;;1;0;;;;;;;;
pt_majsrc_1_r00359;Valeur NULL pour un attribut dont le remplissage est obligatoire. ;0;R;A;t_ptech;pt_majsrc;pt_majsrc;P;3;1;3;;;1;0;;;;;;;;
pt_abddate_1_r00360;Valeur NULL pour un attribut dont le remplissage est obligatoire. ;0;R;A;t_ptech;pt_abddate;pt_abddate;P;3;1;3;;;1;0;;;;;;;;
pt_abdsrc_1_r00361;Valeur NULL pour un attribut dont le remplissage est obligatoire. ;0;R;A;t_ptech;pt_abdsrc;pt_abdsrc;P;3;1;3;;;1;0;;;;;;;;
bp_code_1_r00362;Valeur NULL pour un attribut dont le remplissage est obligatoire. ;0;R;A;t_ebp;bp_code;bp_code;P;3;1;3;;;1;0;;;;;;;;
bp_etiquet_1_r00363;Valeur NULL pour un attribut dont le remplissage est obligatoire. ;0;R;A;t_ebp;bp_etiquet;bp_etiquet;P;3;1;3;;;1;0;;;;;;;;
bp_codeext_1_r00364;Valeur NULL pour un attribut dont le remplissage est obligatoire. ;0;R;A;t_ebp;bp_codeext;bp_codeext;P;3;1;3;;;1;0;;;;;;;;
bp_pt_code_1_r00365;Valeur NULL pour un attribut dont le remplissage est obligatoire. ;0;R;A;t_ebp;bp_pt_code;bp_pt_code;P;3;1;3;;;1;0;;;;;;;;
bp_lt_code_1_r00366;Valeur NULL pour un attribut dont le remplissage est obligatoire. ;0;R;A;t_ebp;bp_lt_code;bp_lt_code;P;3;1;3;;;1;0;;;;;;;;
bp_sf_code_1_r00367;Valeur NULL pour un attribut dont le remplissage est obligatoire. ;0;R;A;t_ebp;bp_sf_code;bp_sf_code;P;3;1;3;;;1;0;;;;;;;;
bp_prop_1_r00368;Valeur NULL pour un attribut dont le remplissage est obligatoire. ;0;R;A;t_ebp;bp_prop;bp_prop;P;3;1;3;;;1;0;;;;;;;;
bp_gest_1_r00369;Valeur NULL pour un attribut dont le remplissage est obligatoire. ;0;R;A;t_ebp;bp_gest;bp_gest;P;3;1;3;;;1;0;;;;;;;;
bp_user_1_r00370;Valeur NULL pour un attribut dont le remplissage est obligatoire. ;0;R;A;t_ebp;bp_user;bp_user;P;3;1;3;;;1;0;;;;;;;;
bp_proptyp_1_r00371;Valeur NULL pour un attribut dont le remplissage est obligatoire. ;0;R;A;t_ebp;bp_proptyp;bp_proptyp;P;3;1;3;;;1;0;;;;;;;;
bp_statut_1_r00372;Valeur NULL pour un attribut dont le remplissage est obligatoire. ;0;R;A;t_ebp;bp_statut;bp_statut;P;3;1;3;;;1;0;;;;;;;;
bp_etat_1_r00373;Valeur NULL pour un attribut dont le remplissage est obligatoire. ;0;R;A;t_ebp;bp_etat;bp_etat;P;3;1;3;;;1;0;;;;;;;;
bp_occp_1_r00374;Valeur NULL pour un attribut dont le remplissage est obligatoire. ;0;R;A;t_ebp;bp_occp;bp_occp;P;3;1;3;;;1;0;;;;;;;;
bp_datemes_1_r00375;Valeur NULL pour un attribut dont le remplissage est obligatoire. ;0;R;A;t_ebp;bp_datemes;bp_datemes;P;3;1;3;;;1;0;;;;;;;;
bp_avct_1_r00376;Valeur NULL pour un attribut dont le remplissage est obligatoire. ;0;R;A;t_ebp;bp_avct;bp_avct;P;3;1;3;;;1;0;;;;;;;;
bp_typephy_1_r00377;Valeur NULL pour un attribut dont le remplissage est obligatoire. ;0;R;A;t_ebp;bp_typephy;bp_typephy;P;3;1;3;;;1;0;;;;;;;;
bp_typelog_1_r00378;Valeur NULL pour un attribut dont le remplissage est obligatoire. ;0;R;A;t_ebp;bp_typelog;bp_typelog;P;3;1;3;;;1;0;;;;;;;;
bp_rf_code_1_r00379;Valeur NULL pour un attribut dont le remplissage est obligatoire. ;0;R;A;t_ebp;bp_rf_code;bp_rf_code;P;3;1;3;;;1;0;;;;;;;;
bp_entrees_1_r00380;Valeur NULL pour un attribut dont le remplissage est obligatoire. ;0;R;A;t_ebp;bp_entrees;bp_entrees;P;3;1;3;;;1;0;;;;;;;;
bp_ref_kit_1_r00381;Valeur NULL pour un attribut dont le remplissage est obligatoire. ;0;R;A;t_ebp;bp_ref_kit;bp_ref_kit;P;3;1;3;;;1;0;;;;;;;;
bp_ca_nb_1_r00382;Valeur NULL pour un attribut dont le remplissage est obligatoire. ;0;R;A;t_ebp;bp_ca_nb;bp_ca_nb;P;3;1;3;;;1;0;;;;;;;;
bp_nb_pas_1_r00383;Valeur NULL pour un attribut dont le remplissage est obligatoire. ;0;R;A;t_ebp;bp_nb_pas;bp_nb_pas;P;3;1;3;;;1;0;;;;;;;;
bp_linecod_1_r00384;Valeur NULL pour un attribut dont le remplissage est obligatoire. ;0;R;A;t_ebp;bp_linecod;bp_linecod;P;3;1;3;;;1;0;;;;;;;;
bp_oc_code_1_r00385;Valeur NULL pour un attribut dont le remplissage est obligatoire. ;0;R;A;t_ebp;bp_oc_code;bp_oc_code;P;3;1;3;;;1;0;;;;;;;;
bp_racco_1_r00386;Valeur NULL pour un attribut dont le remplissage est obligatoire. ;0;R;A;t_ebp;bp_racco;bp_racco;P;3;1;3;;;1;0;;;;;;;;
bp_comment_1_r00387;Valeur NULL pour un attribut dont le remplissage est obligatoire. ;0;R;A;t_ebp;bp_comment;bp_comment;P;3;1;3;;;1;0;;;;;;;;
bp_creadat_1_r00388;Valeur NULL pour un attribut dont le remplissage est obligatoire. ;0;R;A;t_ebp;bp_creadat;bp_creadat;P;3;1;3;;;1;0;;;;;;;;
bp_majdate_1_r00389;Valeur NULL pour un attribut dont le remplissage est obligatoire. ;0;R;A;t_ebp;bp_majdate;bp_majdate;P;3;1;3;;;1;0;;;;;;;;
bp_majsrc_1_r00390;Valeur NULL pour un attribut dont le remplissage est obligatoire. ;0;R;A;t_ebp;bp_majsrc;bp_majsrc;P;3;1;3;;;1;0;;;;;;;;
bp_abddate_1_r00391;Valeur NULL pour un attribut dont le remplissage est obligatoire. ;0;R;A;t_ebp;bp_abddate;bp_abddate;P;3;1;3;;;1;0;;;;;;;;
bp_abdsrc_1_r00392;Valeur NULL pour un attribut dont le remplissage est obligatoire. ;0;R;A;t_ebp;bp_abdsrc;bp_abdsrc;P;3;1;3;;;1;0;;;;;;;;
cs_code_1_r00393;Valeur NULL pour un attribut dont le remplissage est obligatoire. ;0;R;A;t_cassette;cs_code;cs_code;P;3;1;3;;;1;0;;;;;;;;
cs_nb_pas_1_r00394;Valeur NULL pour un attribut dont le remplissage est obligatoire. ;0;R;A;t_cassette;cs_nb_pas;cs_nb_pas;P;3;1;3;;;1;0;;;;;;;;
cs_bp_code_1_r00395;Valeur NULL pour un attribut dont le remplissage est obligatoire. ;0;R;A;t_cassette;cs_bp_code;cs_bp_code;P;3;1;3;;;1;0;;;;;;;;
cs_num_1_r00396;Valeur NULL pour un attribut dont le remplissage est obligatoire. ;0;R;A;t_cassette;cs_num;cs_num;P;3;1;3;;;1;0;;;;;;;;
cs_type_1_r00397;Valeur NULL pour un attribut dont le remplissage est obligatoire. ;0;R;A;t_cassette;cs_type;cs_type;P;3;1;3;;;1;0;;;;;;;;
cs_face_1_r00398;Valeur NULL pour un attribut dont le remplissage est obligatoire. ;0;R;A;t_cassette;cs_face;cs_face;P;3;1;3;;;1;0;;;;;;;;
cs_rf_code_1_r00399;Valeur NULL pour un attribut dont le remplissage est obligatoire. ;0;R;A;t_cassette;cs_rf_code;cs_rf_code;P;3;1;3;;;1;0;;;;;;;;
cs_comment_1_r00400;Valeur NULL pour un attribut dont le remplissage est obligatoire. ;0;R;A;t_cassette;cs_comment;cs_comment;P;3;1;3;;;1;0;;;;;;;;
cs_creadat_1_r00401;Valeur NULL pour un attribut dont le remplissage est obligatoire. ;0;R;A;t_cassette;cs_creadat;cs_creadat;P;3;1;3;;;1;0;;;;;;;;
cs_majdate_1_r00402;Valeur NULL pour un attribut dont le remplissage est obligatoire. ;0;R;A;t_cassette;cs_majdate;cs_majdate;P;3;1;3;;;1;0;;;;;;;;
cs_majsrc_1_r00403;Valeur NULL pour un attribut dont le remplissage est obligatoire. ;0;R;A;t_cassette;cs_majsrc;cs_majsrc;P;3;1;3;;;1;0;;;;;;;;
cs_abddate_1_r00404;Valeur NULL pour un attribut dont le remplissage est obligatoire. ;0;R;A;t_cassette;cs_abddate;cs_abddate;P;3;1;3;;;1;0;;;;;;;;
cs_abdsrc_1_r00405;Valeur NULL pour un attribut dont le remplissage est obligatoire. ;0;R;A;t_cassette;cs_abdsrc;cs_abdsrc;P;3;1;3;;;1;0;;;;;;;;
cm_code_1_r00406;Valeur NULL pour un attribut dont le remplissage est obligatoire. ;0;R;A;t_cheminement;cm_code;cm_code;P;3;1;3;;;1;0;;;;;;;;
cm_codeext_1_r00407;Valeur NULL pour un attribut dont le remplissage est obligatoire. ;0;R;A;t_cheminement;cm_codeext;cm_codeext;P;3;1;3;;;1;0;;;;;;;;
cm_ndcode1_1_r00408;Valeur NULL pour un attribut dont le remplissage est obligatoire. ;0;R;A;t_cheminement;cm_ndcode1;cm_ndcode1;P;3;1;3;;;1;0;;;;;;;;
cm_ndcode2_1_r00409;Valeur NULL pour un attribut dont le remplissage est obligatoire. ;0;R;A;t_cheminement;cm_ndcode2;cm_ndcode2;P;3;1;3;;;1;0;;;;;;;;
cm_cm1_1_r00410;Valeur NULL pour un attribut dont le remplissage est obligatoire. ;0;R;A;t_cheminement;cm_cm1;cm_cm1;P;3;1;3;;;1;0;;;;;;;;
cm_cm2_1_r00411;Valeur NULL pour un attribut dont le remplissage est obligatoire. ;0;R;A;t_cheminement;cm_cm2;cm_cm2;P;3;1;3;;;1;0;;;;;;;;
cm_r1_code_1_r00412;Valeur NULL pour un attribut dont le remplissage est obligatoire. ;0;R;A;t_cheminement;cm_r1_code;cm_r1_code;P;3;1;3;;;1;0;;;;;;;;
cm_r2_code_1_r00413;Valeur NULL pour un attribut dont le remplissage est obligatoire. ;0;R;A;t_cheminement;cm_r2_code;cm_r2_code;P;3;1;3;;;1;0;;;;;;;;
cm_r3_code_1_r00414;Valeur NULL pour un attribut dont le remplissage est obligatoire. ;0;R;A;t_cheminement;cm_r3_code;cm_r3_code;P;3;1;3;;;1;0;;;;;;;;
cm_r4_code_1_r00415;Valeur NULL pour un attribut dont le remplissage est obligatoire. ;0;R;A;t_cheminement;cm_r4_code;cm_r4_code;P;3;1;3;;;1;0;;;;;;;;
cm_voie_1_r00416;Valeur NULL pour un attribut dont le remplissage est obligatoire. ;0;R;A;t_cheminement;cm_voie;cm_voie;P;3;1;3;;;1;0;;;;;;;;
cm_gest_do_1_r00417;Valeur NULL pour un attribut dont le remplissage est obligatoire. ;0;R;A;t_cheminement;cm_gest_do;cm_gest_do;P;3;1;3;;;1;0;;;;;;;;
cm_prop_do_1_r00418;Valeur NULL pour un attribut dont le remplissage est obligatoire. ;0;R;A;t_cheminement;cm_prop_do;cm_prop_do;P;3;1;3;;;1;0;;;;;;;;
cm_statut_1_r00419;Valeur NULL pour un attribut dont le remplissage est obligatoire. ;0;R;A;t_cheminement;cm_statut;cm_statut;P;3;1;3;;;1;0;;;;;;;;
cm_etat_1_r00420;Valeur NULL pour un attribut dont le remplissage est obligatoire. ;0;R;A;t_cheminement;cm_etat;cm_etat;P;3;1;3;;;1;0;;;;;;;;
cm_datcons_1_r00421;Valeur NULL pour un attribut dont le remplissage est obligatoire. ;0;R;A;t_cheminement;cm_datcons;cm_datcons;P;3;1;3;;;1;0;;;;;;;;
cm_datemes_1_r00422;Valeur NULL pour un attribut dont le remplissage est obligatoire. ;0;R;A;t_cheminement;cm_datemes;cm_datemes;P;3;1;3;;;1;0;;;;;;;;
cm_avct_1_r00423;Valeur NULL pour un attribut dont le remplissage est obligatoire. ;0;R;A;t_cheminement;cm_avct;cm_avct;P;3;1;3;;;1;0;;;;;;;;
cm_typelog_1_r00424;Valeur NULL pour un attribut dont le remplissage est obligatoire. ;0;R;A;t_cheminement;cm_typelog;cm_typelog;P;3;1;3;;;1;0;;;;;;;;
cm_typ_imp_1_r00425;Valeur NULL pour un attribut dont le remplissage est obligatoire. ;0;R;A;t_cheminement;cm_typ_imp;cm_typ_imp;P;3;1;3;;;1;0;;;;;;;;
cm_nature_1_r00426;Valeur NULL pour un attribut dont le remplissage est obligatoire. ;0;R;A;t_cheminement;cm_nature;cm_nature;P;3;1;3;;;1;0;;;;;;;;
cm_compo_1_r00427;Valeur NULL pour un attribut dont le remplissage est obligatoire. ;0;R;A;t_cheminement;cm_compo;cm_compo;P;3;1;3;;;1;0;;;;;;;;
cm_cddispo_1_r00428;Valeur NULL pour un attribut dont le remplissage est obligatoire. ;0;R;A;t_cheminement;cm_cddispo;cm_cddispo;P;3;1;3;;;1;0;;;;;;;;
cm_fo_util_1_r00429;Valeur NULL pour un attribut dont le remplissage est obligatoire. ;0;R;A;t_cheminement;cm_fo_util;cm_fo_util;P;3;1;3;;;1;0;;;;;;;;
cm_mod_pos_1_r00430;Valeur NULL pour un attribut dont le remplissage est obligatoire. ;0;R;A;t_cheminement;cm_mod_pos;cm_mod_pos;P;3;1;3;;;1;0;;;;;;;;
cm_passage_1_r00431;Valeur NULL pour un attribut dont le remplissage est obligatoire. ;0;R;A;t_cheminement;cm_passage;cm_passage;P;3;1;3;;;1;0;;;;;;;;
cm_revet_1_r00432;Valeur NULL pour un attribut dont le remplissage est obligatoire. ;0;R;A;t_cheminement;cm_revet;cm_revet;P;3;1;3;;;1;0;;;;;;;;
cm_remblai_1_r00433;Valeur NULL pour un attribut dont le remplissage est obligatoire. ;0;R;A;t_cheminement;cm_remblai;cm_remblai;P;3;1;3;;;1;0;;;;;;;;
cm_charge_1_r00434;Valeur NULL pour un attribut dont le remplissage est obligatoire. ;0;R;A;t_cheminement;cm_charge;cm_charge;P;3;1;3;;;1;0;;;;;;;;
cm_larg_1_r00435;Valeur NULL pour un attribut dont le remplissage est obligatoire. ;0;R;A;t_cheminement;cm_larg;cm_larg;P;3;1;3;;;1;0;;;;;;;;
cm_fildtec_1_r00436;Valeur NULL pour un attribut dont le remplissage est obligatoire. ;0;R;A;t_cheminement;cm_fildtec;cm_fildtec;P;3;1;3;;;1;0;;;;;;;;
cm_mut_org_1_r00437;Valeur NULL pour un attribut dont le remplissage est obligatoire. ;0;R;A;t_cheminement;cm_mut_org;cm_mut_org;P;3;1;3;;;1;0;;;;;;;;
cm_long_1_r00438;Valeur NULL pour un attribut dont le remplissage est obligatoire. ;0;R;A;t_cheminement;cm_long;cm_long;P;3;1;3;;;1;0;;;;;;;;
cm_lgreel_1_r00439;Valeur NULL pour un attribut dont le remplissage est obligatoire. ;0;R;A;t_cheminement;cm_lgreel;cm_lgreel;P;3;1;3;;;1;0;;;;;;;;
cm_comment_1_r00440;Valeur NULL pour un attribut dont le remplissage est obligatoire. ;0;R;A;t_cheminement;cm_comment;cm_comment;P;3;1;3;;;1;0;;;;;;;;
cm_dtclass_1_r00441;Valeur NULL pour un attribut dont le remplissage est obligatoire. ;0;R;A;t_cheminement;cm_dtclass;cm_dtclass;P;3;1;3;;;1;0;;;;;;;;
cm_geolqlt_1_r00442;Valeur NULL pour un attribut dont le remplissage est obligatoire. ;0;R;A;t_cheminement;cm_geolqlt;cm_geolqlt;P;3;1;3;;;1;0;;;;;;;;
cm_geolmod_1_r00443;Valeur NULL pour un attribut dont le remplissage est obligatoire. ;0;R;A;t_cheminement;cm_geolmod;cm_geolmod;P;3;1;3;;;1;0;;;;;;;;
cm_geolsrc_1_r00444;Valeur NULL pour un attribut dont le remplissage est obligatoire. ;0;R;A;t_cheminement;cm_geolsrc;cm_geolsrc;P;3;1;3;;;1;0;;;;;;;;
cm_creadat_1_r00445;Valeur NULL pour un attribut dont le remplissage est obligatoire. ;0;R;A;t_cheminement;cm_creadat;cm_creadat;P;3;1;3;;;1;0;;;;;;;;
cm_majdate_1_r00446;Valeur NULL pour un attribut dont le remplissage est obligatoire. ;0;R;A;t_cheminement;cm_majdate;cm_majdate;P;3;1;3;;;1;0;;;;;;;;
cm_majsrc_1_r00447;Valeur NULL pour un attribut dont le remplissage est obligatoire. ;0;R;A;t_cheminement;cm_majsrc;cm_majsrc;P;3;1;3;;;1;0;;;;;;;;
cm_abddate_1_r00448;Valeur NULL pour un attribut dont le remplissage est obligatoire. ;0;R;A;t_cheminement;cm_abddate;cm_abddate;P;3;1;3;;;1;0;;;;;;;;
cm_abdsrc_1_r00449;Valeur NULL pour un attribut dont le remplissage est obligatoire. ;0;R;A;t_cheminement;cm_abdsrc;cm_abdsrc;P;3;1;3;;;1;0;;;;;;;;
cm_geom_1_r00450;Valeur NULL pour un attribut dont le remplissage est obligatoire. ;0;R;A;t_cheminement;geom;cm_geom;P;3;1;3;;;1;0;;;;;;;;
cd_code_1_r00451;Valeur NULL pour un attribut dont le remplissage est obligatoire. ;0;R;A;t_conduite;cd_code;cd_code;P;3;1;3;;;1;0;;;;;;;;
cd_codeext_1_r00452;Valeur NULL pour un attribut dont le remplissage est obligatoire. ;0;R;A;t_conduite;cd_codeext;cd_codeext;P;3;1;3;;;1;0;;;;;;;;
cd_etiquet_1_r00453;Valeur NULL pour un attribut dont le remplissage est obligatoire. ;0;R;A;t_conduite;cd_etiquet;cd_etiquet;P;3;1;3;;;1;0;;;;;;;;
cd_cd_code_1_r00454;Valeur NULL pour un attribut dont le remplissage est obligatoire. ;0;R;A;t_conduite;cd_cd_code;cd_cd_code;P;3;1;3;;;1;0;;;;;;;;
cd_r1_code_1_r00455;Valeur NULL pour un attribut dont le remplissage est obligatoire. ;0;R;A;t_conduite;cd_r1_code;cd_r1_code;P;3;1;3;;;1;0;;;;;;;;
cd_r2_code_1_r00456;Valeur NULL pour un attribut dont le remplissage est obligatoire. ;0;R;A;t_conduite;cd_r2_code;cd_r2_code;P;3;1;3;;;1;0;;;;;;;;
cd_r3_code_1_r00457;Valeur NULL pour un attribut dont le remplissage est obligatoire. ;0;R;A;t_conduite;cd_r3_code;cd_r3_code;P;3;1;3;;;1;0;;;;;;;;
cd_r4_code_1_r00458;Valeur NULL pour un attribut dont le remplissage est obligatoire. ;0;R;A;t_conduite;cd_r4_code;cd_r4_code;P;3;1;3;;;1;0;;;;;;;;
cd_prop_1_r00459;Valeur NULL pour un attribut dont le remplissage est obligatoire. ;0;R;A;t_conduite;cd_prop;cd_prop;P;3;1;3;;;1;0;;;;;;;;
cd_gest_1_r00460;Valeur NULL pour un attribut dont le remplissage est obligatoire. ;0;R;A;t_conduite;cd_gest;cd_gest;P;3;1;3;;;1;0;;;;;;;;
cd_user_1_r00461;Valeur NULL pour un attribut dont le remplissage est obligatoire. ;0;R;A;t_conduite;cd_user;cd_user;P;3;1;3;;;1;0;;;;;;;;
cd_proptyp_1_r00462;Valeur NULL pour un attribut dont le remplissage est obligatoire. ;0;R;A;t_conduite;cd_proptyp;cd_proptyp;P;3;1;3;;;1;0;;;;;;;;
cd_statut_1_r00463;Valeur NULL pour un attribut dont le remplissage est obligatoire. ;0;R;A;t_conduite;cd_statut;cd_statut;P;3;1;3;;;1;0;;;;;;;;
cd_etat_1_r00464;Valeur NULL pour un attribut dont le remplissage est obligatoire. ;0;R;A;t_conduite;cd_etat;cd_etat;P;3;1;3;;;1;0;;;;;;;;
cd_dateaig_1_r00465;Valeur NULL pour un attribut dont le remplissage est obligatoire. ;0;R;A;t_conduite;cd_dateaig;cd_dateaig;P;3;1;3;;;1;0;;;;;;;;
cd_dateman_1_r00466;Valeur NULL pour un attribut dont le remplissage est obligatoire. ;0;R;A;t_conduite;cd_dateman;cd_dateman;P;3;1;3;;;1;0;;;;;;;;
cd_datemes_1_r00467;Valeur NULL pour un attribut dont le remplissage est obligatoire. ;0;R;A;t_conduite;cd_datemes;cd_datemes;P;3;1;3;;;1;0;;;;;;;;
cd_avct_1_r00468;Valeur NULL pour un attribut dont le remplissage est obligatoire. ;0;R;A;t_conduite;cd_avct;cd_avct;P;3;1;3;;;1;0;;;;;;;;
cd_type_1_r00469;Valeur NULL pour un attribut dont le remplissage est obligatoire. ;0;R;A;t_conduite;cd_type;cd_type;P;3;1;3;;;1;0;;;;;;;;
cd_dia_int_1_r00470;Valeur NULL pour un attribut dont le remplissage est obligatoire. ;0;R;A;t_conduite;cd_dia_int;cd_dia_int;P;3;1;3;;;1;0;;;;;;;;
cd_dia_ext_1_r00471;Valeur NULL pour un attribut dont le remplissage est obligatoire. ;0;R;A;t_conduite;cd_dia_ext;cd_dia_ext;P;3;1;3;;;1;0;;;;;;;;
cd_color_1_r00472;Valeur NULL pour un attribut dont le remplissage est obligatoire. ;0;R;A;t_conduite;cd_color;cd_color;P;3;1;3;;;1;0;;;;;;;;
cd_long_1_r00473;Valeur NULL pour un attribut dont le remplissage est obligatoire. ;0;R;A;t_conduite;cd_long;cd_long;P;3;1;3;;;1;0;;;;;;;;
cd_nbcable_1_r00474;Valeur NULL pour un attribut dont le remplissage est obligatoire. ;0;R;A;t_conduite;cd_nbcable;cd_nbcable;P;3;1;3;;;1;0;;;;;;;;
cd_occup_1_r00475;Valeur NULL pour un attribut dont le remplissage est obligatoire. ;0;R;A;t_conduite;cd_occup;cd_occup;P;3;1;3;;;1;0;;;;;;;;
cd_comment_1_r00476;Valeur NULL pour un attribut dont le remplissage est obligatoire. ;0;R;A;t_conduite;cd_comment;cd_comment;P;3;1;3;;;1;0;;;;;;;;
cd_creadat_1_r00477;Valeur NULL pour un attribut dont le remplissage est obligatoire. ;0;R;A;t_conduite;cd_creadat;cd_creadat;P;3;1;3;;;1;0;;;;;;;;
cd_majdate_1_r00478;Valeur NULL pour un attribut dont le remplissage est obligatoire. ;0;R;A;t_conduite;cd_majdate;cd_majdate;P;3;1;3;;;1;0;;;;;;;;
cd_majsrc_1_r00479;Valeur NULL pour un attribut dont le remplissage est obligatoire. ;0;R;A;t_conduite;cd_majsrc;cd_majsrc;P;3;1;3;;;1;0;;;;;;;;
cd_abddate_1_r00480;Valeur NULL pour un attribut dont le remplissage est obligatoire. ;0;R;A;t_conduite;cd_abddate;cd_abddate;P;3;1;3;;;1;0;;;;;;;;
cd_abdsrc_1_r00481;Valeur NULL pour un attribut dont le remplissage est obligatoire. ;0;R;A;t_conduite;cd_abdsrc;cd_abdsrc;P;3;1;3;;;1;0;;;;;;;;
dm_cd_code_1_r00482;Valeur NULL pour un attribut dont le remplissage est obligatoire. ;0;R;A;t_cond_chem;dm_cd_code;dm_cd_code;P;3;1;3;;;1;0;;;;;;;;
dm_cm_code_1_r00483;Valeur NULL pour un attribut dont le remplissage est obligatoire. ;0;R;A;t_cond_chem;dm_cm_code;dm_cm_code;P;3;1;3;;;1;0;;;;;;;;
dm_creadat_1_r00484;Valeur NULL pour un attribut dont le remplissage est obligatoire. ;0;R;A;t_cond_chem;dm_creadat;dm_creadat;P;3;1;3;;;1;0;;;;;;;;
dm_majdate_1_r00485;Valeur NULL pour un attribut dont le remplissage est obligatoire. ;0;R;A;t_cond_chem;dm_majdate;dm_majdate;P;3;1;3;;;1;0;;;;;;;;
dm_majsrc_1_r00486;Valeur NULL pour un attribut dont le remplissage est obligatoire. ;0;R;A;t_cond_chem;dm_majsrc;dm_majsrc;P;3;1;3;;;1;0;;;;;;;;
dm_abddate_1_r00487;Valeur NULL pour un attribut dont le remplissage est obligatoire. ;0;R;A;t_cond_chem;dm_abddate;dm_abddate;P;3;1;3;;;1;0;;;;;;;;
dm_abdsrc_1_r00488;Valeur NULL pour un attribut dont le remplissage est obligatoire. ;0;R;A;t_cond_chem;dm_abdsrc;dm_abdsrc;P;3;1;3;;;1;0;;;;;;;;
mq_id_1_r00489;Valeur NULL pour un attribut dont le remplissage est obligatoire. ;0;R;A;t_masque;mq_id;mq_id;P;3;1;3;;;1;0;;;;;;;;
mq_nd_code_1_r00490;Valeur NULL pour un attribut dont le remplissage est obligatoire. ;0;R;A;t_masque;mq_nd_code;mq_nd_code;P;3;1;3;;;1;0;;;;;;;;
mq_face_1_r00491;Valeur NULL pour un attribut dont le remplissage est obligatoire. ;0;R;A;t_masque;mq_face;mq_face;P;3;1;3;;;1;0;;;;;;;;
mq_col_1_r00492;Valeur NULL pour un attribut dont le remplissage est obligatoire. ;0;R;A;t_masque;mq_col;mq_col;P;3;1;3;;;1;0;;;;;;;;
mq_ligne_1_r00493;Valeur NULL pour un attribut dont le remplissage est obligatoire. ;0;R;A;t_masque;mq_ligne;mq_ligne;P;3;1;3;;;1;0;;;;;;;;
mq_cd_code_1_r00494;Valeur NULL pour un attribut dont le remplissage est obligatoire. ;0;R;A;t_masque;mq_cd_code;mq_cd_code;P;3;1;3;;;1;0;;;;;;;;
mq_qualinf_1_r00495;Valeur NULL pour un attribut dont le remplissage est obligatoire. ;0;R;A;t_masque;mq_qualinf;mq_qualinf;P;3;1;3;;;1;0;;;;;;;;
mq_comment_1_r00496;Valeur NULL pour un attribut dont le remplissage est obligatoire. ;0;R;A;t_masque;mq_comment;mq_comment;P;3;1;3;;;1;0;;;;;;;;
mq_creadat_1_r00497;Valeur NULL pour un attribut dont le remplissage est obligatoire. ;0;R;A;t_masque;mq_creadat;mq_creadat;P;3;1;3;;;1;0;;;;;;;;
mq_majdate_1_r00498;Valeur NULL pour un attribut dont le remplissage est obligatoire. ;0;R;A;t_masque;mq_majdate;mq_majdate;P;3;1;3;;;1;0;;;;;;;;
mq_majsrc_1_r00499;Valeur NULL pour un attribut dont le remplissage est obligatoire. ;0;R;A;t_masque;mq_majsrc;mq_majsrc;P;3;1;3;;;1;0;;;;;;;;
mq_abddate_1_r00500;Valeur NULL pour un attribut dont le remplissage est obligatoire. ;0;R;A;t_masque;mq_abddate;mq_abddate;P;3;1;3;;;1;0;;;;;;;;
mq_abdsrc_1_r00501;Valeur NULL pour un attribut dont le remplissage est obligatoire. ;0;R;A;t_masque;mq_abdsrc;mq_abdsrc;P;3;1;3;;;1;0;;;;;;;;
cb_code_1_r00502;Valeur NULL pour un attribut dont le remplissage est obligatoire. ;0;R;A;t_cable;cb_code;cb_code;P;3;1;3;;;1;0;;;;;;;;
cb_codeext_1_r00503;Valeur NULL pour un attribut dont le remplissage est obligatoire. ;0;R;A;t_cable;cb_codeext;cb_codeext;P;3;1;3;;;1;0;;;;;;;;
cb_etiquet_1_r00504;Valeur NULL pour un attribut dont le remplissage est obligatoire. ;0;R;A;t_cable;cb_etiquet;cb_etiquet;P;3;1;3;;;1;0;;;;;;;;
cb_nd1_1_r00505;Valeur NULL pour un attribut dont le remplissage est obligatoire. ;0;R;A;t_cable;cb_nd1;cb_nd1;P;3;1;3;;;1;0;;;;;;;;
cb_nd2_1_r00506;Valeur NULL pour un attribut dont le remplissage est obligatoire. ;0;R;A;t_cable;cb_nd2;cb_nd2;P;3;1;3;;;1;0;;;;;;;;
cb_r1_code_1_r00507;Valeur NULL pour un attribut dont le remplissage est obligatoire. ;0;R;A;t_cable;cb_r1_code;cb_r1_code;P;3;1;3;;;1;0;;;;;;;;
cb_r2_code_1_r00508;Valeur NULL pour un attribut dont le remplissage est obligatoire. ;0;R;A;t_cable;cb_r2_code;cb_r2_code;P;3;1;3;;;1;0;;;;;;;;
cb_r3_code_1_r00509;Valeur NULL pour un attribut dont le remplissage est obligatoire. ;0;R;A;t_cable;cb_r3_code;cb_r3_code;P;3;1;3;;;1;0;;;;;;;;
cb_r4_code_1_r00510;Valeur NULL pour un attribut dont le remplissage est obligatoire. ;0;R;A;t_cable;cb_r4_code;cb_r4_code;P;3;1;3;;;1;0;;;;;;;;
cb_prop_1_r00511;Valeur NULL pour un attribut dont le remplissage est obligatoire. ;0;R;A;t_cable;cb_prop;cb_prop;P;3;1;3;;;1;0;;;;;;;;
cb_gest_1_r00512;Valeur NULL pour un attribut dont le remplissage est obligatoire. ;0;R;A;t_cable;cb_gest;cb_gest;P;3;1;3;;;1;0;;;;;;;;
cb_user_1_r00513;Valeur NULL pour un attribut dont le remplissage est obligatoire. ;0;R;A;t_cable;cb_user;cb_user;P;3;1;3;;;1;0;;;;;;;;
cb_proptyp_1_r00514;Valeur NULL pour un attribut dont le remplissage est obligatoire. ;0;R;A;t_cable;cb_proptyp;cb_proptyp;P;3;1;3;;;1;0;;;;;;;;
cb_statut_1_r00515;Valeur NULL pour un attribut dont le remplissage est obligatoire. ;0;R;A;t_cable;cb_statut;cb_statut;P;3;1;3;;;1;0;;;;;;;;
cb_etat_1_r00516;Valeur NULL pour un attribut dont le remplissage est obligatoire. ;0;R;A;t_cable;cb_etat;cb_etat;P;3;1;3;;;1;0;;;;;;;;
cb_dateins_1_r00517;Valeur NULL pour un attribut dont le remplissage est obligatoire. ;0;R;A;t_cable;cb_dateins;cb_dateins;P;3;1;3;;;1;0;;;;;;;;
cb_datemes_1_r00518;Valeur NULL pour un attribut dont le remplissage est obligatoire. ;0;R;A;t_cable;cb_datemes;cb_datemes;P;3;1;3;;;1;0;;;;;;;;
cb_avct_1_r00519;Valeur NULL pour un attribut dont le remplissage est obligatoire. ;0;R;A;t_cable;cb_avct;cb_avct;P;3;1;3;;;1;0;;;;;;;;
cb_tech_1_r00520;Valeur NULL pour un attribut dont le remplissage est obligatoire. ;0;R;A;t_cable;cb_tech;cb_tech;P;3;1;3;;;1;0;;;;;;;;
cb_typephy_1_r00521;Valeur NULL pour un attribut dont le remplissage est obligatoire. ;0;R;A;t_cable;cb_typephy;cb_typephy;P;3;1;3;;;1;0;;;;;;;;
cb_typelog_1_r00522;Valeur NULL pour un attribut dont le remplissage est obligatoire. ;0;R;A;t_cable;cb_typelog;cb_typelog;P;3;1;3;;;1;0;;;;;;;;
cb_rf_code_1_r00523;Valeur NULL pour un attribut dont le remplissage est obligatoire. ;0;R;A;t_cable;cb_rf_code;cb_rf_code;P;3;1;3;;;1;0;;;;;;;;
cb_capafo_1_r00524;Valeur NULL pour un attribut dont le remplissage est obligatoire. ;0;R;A;t_cable;cb_capafo;cb_capafo;P;3;1;3;;;1;0;;;;;;;;
cb_fo_disp_1_r00525;Valeur NULL pour un attribut dont le remplissage est obligatoire. ;0;R;A;t_cable;cb_fo_disp;cb_fo_disp;P;3;1;3;;;1;0;;;;;;;;
cb_fo_util_1_r00526;Valeur NULL pour un attribut dont le remplissage est obligatoire. ;0;R;A;t_cable;cb_fo_util;cb_fo_util;P;3;1;3;;;1;0;;;;;;;;
cb_modulo_1_r00527;Valeur NULL pour un attribut dont le remplissage est obligatoire. ;0;R;A;t_cable;cb_modulo;cb_modulo;P;3;1;3;;;1;0;;;;;;;;
cb_diam_1_r00528;Valeur NULL pour un attribut dont le remplissage est obligatoire. ;0;R;A;t_cable;cb_diam;cb_diam;P;3;1;3;;;1;0;;;;;;;;
cb_color_1_r00529;Valeur NULL pour un attribut dont le remplissage est obligatoire. ;0;R;A;t_cable;cb_color;cb_color;P;3;1;3;;;1;0;;;;;;;;
cb_lgreel_1_r00530;Valeur NULL pour un attribut dont le remplissage est obligatoire. ;0;R;A;t_cable;cb_lgreel;cb_lgreel;P;3;1;3;;;1;0;;;;;;;;
cb_localis_1_r00531;Valeur NULL pour un attribut dont le remplissage est obligatoire. ;0;R;A;t_cable;cb_localis;cb_localis;P;3;1;3;;;1;0;;;;;;;;
cb_comment_1_r00532;Valeur NULL pour un attribut dont le remplissage est obligatoire. ;0;R;A;t_cable;cb_comment;cb_comment;P;3;1;3;;;1;0;;;;;;;;
cb_creadat_1_r00533;Valeur NULL pour un attribut dont le remplissage est obligatoire. ;0;R;A;t_cable;cb_creadat;cb_creadat;P;3;1;3;;;1;0;;;;;;;;
cb_majdate_1_r00534;Valeur NULL pour un attribut dont le remplissage est obligatoire. ;0;R;A;t_cable;cb_majdate;cb_majdate;P;3;1;3;;;1;0;;;;;;;;
cb_majsrc_1_r00535;Valeur NULL pour un attribut dont le remplissage est obligatoire. ;0;R;A;t_cable;cb_majsrc;cb_majsrc;P;3;1;3;;;1;0;;;;;;;;
cb_abddate_1_r00536;Valeur NULL pour un attribut dont le remplissage est obligatoire. ;0;R;A;t_cable;cb_abddate;cb_abddate;P;3;1;3;;;1;0;;;;;;;;
cb_abdsrc_1_r00537;Valeur NULL pour un attribut dont le remplissage est obligatoire. ;0;R;A;t_cable;cb_abdsrc;cb_abdsrc;P;3;1;3;;;1;0;;;;;;;;
cl_code_1_r00538;Valeur NULL pour un attribut dont le remplissage est obligatoire. ;0;R;A;t_cableline;cl_code;cl_code;P;3;1;3;;;1;0;;;;;;;;
cl_cb_code_1_r00539;Valeur NULL pour un attribut dont le remplissage est obligatoire. ;0;R;A;t_cableline;cl_cb_code;cl_cb_code;P;3;1;3;;;1;0;;;;;;;;
cl_long_1_r00540;Valeur NULL pour un attribut dont le remplissage est obligatoire. ;0;R;A;t_cableline;cl_long;cl_long;P;3;1;3;;;1;0;;;;;;;;
cl_comment_1_r00541;Valeur NULL pour un attribut dont le remplissage est obligatoire. ;0;R;A;t_cableline;cl_comment;cl_comment;P;3;1;3;;;1;0;;;;;;;;
cl_dtclass_1_r00542;Valeur NULL pour un attribut dont le remplissage est obligatoire. ;0;R;A;t_cableline;cl_dtclass;cl_dtclass;P;3;1;3;;;1;0;;;;;;;;
cl_geolqlt_1_r00543;Valeur NULL pour un attribut dont le remplissage est obligatoire. ;0;R;A;t_cableline;cl_geolqlt;cl_geolqlt;P;3;1;3;;;1;0;;;;;;;;
cl_geolmod_1_r00544;Valeur NULL pour un attribut dont le remplissage est obligatoire. ;0;R;A;t_cableline;cl_geolmod;cl_geolmod;P;3;1;3;;;1;0;;;;;;;;
cl_geolsrc_1_r00545;Valeur NULL pour un attribut dont le remplissage est obligatoire. ;0;R;A;t_cableline;cl_geolsrc;cl_geolsrc;P;3;1;3;;;1;0;;;;;;;;
cl_creadat_1_r00546;Valeur NULL pour un attribut dont le remplissage est obligatoire. ;0;R;A;t_cableline;cl_creadat;cl_creadat;P;3;1;3;;;1;0;;;;;;;;
cl_majdate_1_r00547;Valeur NULL pour un attribut dont le remplissage est obligatoire. ;0;R;A;t_cableline;cl_majdate;cl_majdate;P;3;1;3;;;1;0;;;;;;;;
cl_majsrc_1_r00548;Valeur NULL pour un attribut dont le remplissage est obligatoire. ;0;R;A;t_cableline;cl_majsrc;cl_majsrc;P;3;1;3;;;1;0;;;;;;;;
cl_abddate_1_r00549;Valeur NULL pour un attribut dont le remplissage est obligatoire. ;0;R;A;t_cableline;cl_abddate;cl_abddate;P;3;1;3;;;1;0;;;;;;;;
cl_abdsrc_1_r00550;Valeur NULL pour un attribut dont le remplissage est obligatoire. ;0;R;A;t_cableline;cl_abdsrc;cl_abdsrc;P;3;1;3;;;1;0;;;;;;;;
cl_geom_1_r00551;Valeur NULL pour un attribut dont le remplissage est obligatoire. ;0;R;A;t_cableline;geom;cl_geom;P;3;1;3;;;1;0;;;;;;;;
cc_cb_code_1_r00552;Valeur NULL pour un attribut dont le remplissage est obligatoire. ;0;R;A;t_cab_cond;cc_cb_code;cc_cb_code;P;3;1;3;;;1;0;;;;;;;;
cc_cd_code_1_r00553;Valeur NULL pour un attribut dont le remplissage est obligatoire. ;0;R;A;t_cab_cond;cc_cd_code;cc_cd_code;P;3;1;3;;;1;0;;;;;;;;
cc_creadat_1_r00554;Valeur NULL pour un attribut dont le remplissage est obligatoire. ;0;R;A;t_cab_cond;cc_creadat;cc_creadat;P;3;1;3;;;1;0;;;;;;;;
cc_majdate_1_r00555;Valeur NULL pour un attribut dont le remplissage est obligatoire. ;0;R;A;t_cab_cond;cc_majdate;cc_majdate;P;3;1;3;;;1;0;;;;;;;;
cc_majsrc_1_r00556;Valeur NULL pour un attribut dont le remplissage est obligatoire. ;0;R;A;t_cab_cond;cc_majsrc;cc_majsrc;P;3;1;3;;;1;0;;;;;;;;
cc_abddate_1_r00557;Valeur NULL pour un attribut dont le remplissage est obligatoire. ;0;R;A;t_cab_cond;cc_abddate;cc_abddate;P;3;1;3;;;1;0;;;;;;;;
cc_abdsrc_1_r00558;Valeur NULL pour un attribut dont le remplissage est obligatoire. ;0;R;A;t_cab_cond;cc_abdsrc;cc_abdsrc;P;3;1;3;;;1;0;;;;;;;;
lv_id_1_r00559;Valeur NULL pour un attribut dont le remplissage est obligatoire. ;0;R;A;t_love;lv_id;lv_id;P;3;1;3;;;1;0;;;;;;;;
lv_cb_code_1_r00560;Valeur NULL pour un attribut dont le remplissage est obligatoire. ;0;R;A;t_love;lv_cb_code;lv_cb_code;P;3;1;3;;;1;0;;;;;;;;
lv_nd_code_1_r00561;Valeur NULL pour un attribut dont le remplissage est obligatoire. ;0;R;A;t_love;lv_nd_code;lv_nd_code;P;3;1;3;;;1;0;;;;;;;;
lv_long_1_r00562;Valeur NULL pour un attribut dont le remplissage est obligatoire. ;0;R;A;t_love;lv_long;lv_long;P;3;1;3;;;1;0;;;;;;;;
lv_creadat_1_r00563;Valeur NULL pour un attribut dont le remplissage est obligatoire. ;0;R;A;t_love;lv_creadat;lv_creadat;P;3;1;3;;;1;0;;;;;;;;
lv_majdate_1_r00564;Valeur NULL pour un attribut dont le remplissage est obligatoire. ;0;R;A;t_love;lv_majdate;lv_majdate;P;3;1;3;;;1;0;;;;;;;;
lv_majsrc_1_r00565;Valeur NULL pour un attribut dont le remplissage est obligatoire. ;0;R;A;t_love;lv_majsrc;lv_majsrc;P;3;1;3;;;1;0;;;;;;;;
lv_abddate_1_r00566;Valeur NULL pour un attribut dont le remplissage est obligatoire. ;0;R;A;t_love;lv_abddate;lv_abddate;P;3;1;3;;;1;0;;;;;;;;
lv_abdsrc_1_r00567;Valeur NULL pour un attribut dont le remplissage est obligatoire. ;0;R;A;t_love;lv_abdsrc;lv_abdsrc;P;3;1;3;;;1;0;;;;;;;;
fo_code_1_r00568;Valeur NULL pour un attribut dont le remplissage est obligatoire. ;0;R;A;t_fibre;fo_code;fo_code;P;3;1;3;;;1;0;;;;;;;;
fo_code_ext_1_r00569;Valeur NULL pour un attribut dont le remplissage est obligatoire. ;0;R;A;t_fibre;fo_code_ext;fo_code_ext;P;3;1;3;;;1;0;;;;;;;;
fo_cb_code_1_r00570;Valeur NULL pour un attribut dont le remplissage est obligatoire. ;0;R;A;t_fibre;fo_cb_code;fo_cb_code;P;3;1;3;;;1;0;;;;;;;;
fo_nincab_1_r00571;Valeur NULL pour un attribut dont le remplissage est obligatoire. ;0;R;A;t_fibre;fo_nincab;fo_nincab;P;3;1;3;;;1;0;;;;;;;;
fo_numtub_1_r00572;Valeur NULL pour un attribut dont le remplissage est obligatoire. ;0;R;A;t_fibre;fo_numtub;fo_numtub;P;3;1;3;;;1;0;;;;;;;;
fo_nintub_1_r00573;Valeur NULL pour un attribut dont le remplissage est obligatoire. ;0;R;A;t_fibre;fo_nintub;fo_nintub;P;3;1;3;;;1;0;;;;;;;;
fo_type_1_r00574;Valeur NULL pour un attribut dont le remplissage est obligatoire. ;0;R;A;t_fibre;fo_type;fo_type;P;3;1;3;;;1;0;;;;;;;;
fo_etat_1_r00575;Valeur NULL pour un attribut dont le remplissage est obligatoire. ;0;R;A;t_fibre;fo_etat;fo_etat;P;3;1;3;;;1;0;;;;;;;;
fo_color_1_r00576;Valeur NULL pour un attribut dont le remplissage est obligatoire. ;0;R;A;t_fibre;fo_color;fo_color;P;3;1;3;;;1;0;;;;;;;;
fo_reper_1_r00577;Valeur NULL pour un attribut dont le remplissage est obligatoire. ;0;R;A;t_fibre;fo_reper;fo_reper;P;3;1;3;;;1;0;;;;;;;;
fo_proptyp_1_r00578;Valeur NULL pour un attribut dont le remplissage est obligatoire. ;0;R;A;t_fibre;fo_proptyp;fo_proptyp;P;3;1;3;;;1;0;;;;;;;;
fo_comment_1_r00579;Valeur NULL pour un attribut dont le remplissage est obligatoire. ;0;R;A;t_fibre;fo_comment;fo_comment;P;3;1;3;;;1;0;;;;;;;;
fo_creadat_1_r00580;Valeur NULL pour un attribut dont le remplissage est obligatoire. ;0;R;A;t_fibre;fo_creadat;fo_creadat;P;3;1;3;;;1;0;;;;;;;;
fo_majdate_1_r00581;Valeur NULL pour un attribut dont le remplissage est obligatoire. ;0;R;A;t_fibre;fo_majdate;fo_majdate;P;3;1;3;;;1;0;;;;;;;;
fo_majsrc_1_r00582;Valeur NULL pour un attribut dont le remplissage est obligatoire. ;0;R;A;t_fibre;fo_majsrc;fo_majsrc;P;3;1;3;;;1;0;;;;;;;;
fo_abddate_1_r00583;Valeur NULL pour un attribut dont le remplissage est obligatoire. ;0;R;A;t_fibre;fo_abddate;fo_abddate;P;3;1;3;;;1;0;;;;;;;;
fo_abdsrc_1_r00584;Valeur NULL pour un attribut dont le remplissage est obligatoire. ;0;R;A;t_fibre;fo_abdsrc;fo_abdsrc;P;3;1;3;;;1;0;;;;;;;;
ps_code_1_r00585;Valeur NULL pour un attribut dont le remplissage est obligatoire. ;0;R;A;t_position;ps_code;ps_code;P;3;1;3;;;1;0;;;;;;;;
ps_numero_1_r00586;Valeur NULL pour un attribut dont le remplissage est obligatoire. ;0;R;A;t_position;ps_numero;ps_numero;P;3;1;3;;;1;0;;;;;;;;
ps_1_1_r00587;Valeur NULL pour un attribut dont le remplissage est obligatoire. ;0;R;A;t_position;ps_1;ps_1;P;3;1;3;;;1;0;;;;;;;;
ps_2_1_r00588;Valeur NULL pour un attribut dont le remplissage est obligatoire. ;0;R;A;t_position;ps_2;ps_2;P;3;1;3;;;1;0;;;;;;;;
ps_cs_code_1_r00589;Valeur NULL pour un attribut dont le remplissage est obligatoire. ;0;R;A;t_position;ps_cs_code;ps_cs_code;P;3;1;3;;;1;0;;;;;;;;
ps_ti_code_1_r00590;Valeur NULL pour un attribut dont le remplissage est obligatoire. ;0;R;A;t_position;ps_ti_code;ps_ti_code;P;3;1;3;;;1;0;;;;;;;;
ps_type_1_r00591;Valeur NULL pour un attribut dont le remplissage est obligatoire. ;0;R;A;t_position;ps_type;ps_type;P;3;1;3;;;1;0;;;;;;;;
ps_fonct_1_r00592;Valeur NULL pour un attribut dont le remplissage est obligatoire. ;0;R;A;t_position;ps_fonct;ps_fonct;P;3;1;3;;;1;0;;;;;;;;
ps_etat_1_r00593;Valeur NULL pour un attribut dont le remplissage est obligatoire. ;0;R;A;t_position;ps_etat;ps_etat;P;3;1;3;;;1;0;;;;;;;;
ps_preaff_1_r00594;Valeur NULL pour un attribut dont le remplissage est obligatoire. ;0;R;A;t_position;ps_preaff;ps_preaff;P;3;1;3;;;1;0;;;;;;;;
ps_comment_1_r00595;Valeur NULL pour un attribut dont le remplissage est obligatoire. ;0;R;A;t_position;ps_comment;ps_comment;P;3;1;3;;;1;0;;;;;;;;
ps_creadat_1_r00596;Valeur NULL pour un attribut dont le remplissage est obligatoire. ;0;R;A;t_position;ps_creadat;ps_creadat;P;3;1;3;;;1;0;;;;;;;;
ps_majdate_1_r00597;Valeur NULL pour un attribut dont le remplissage est obligatoire. ;0;R;A;t_position;ps_majdate;ps_majdate;P;3;1;3;;;1;0;;;;;;;;
ps_majsrc_1_r00598;Valeur NULL pour un attribut dont le remplissage est obligatoire. ;0;R;A;t_position;ps_majsrc;ps_majsrc;P;3;1;3;;;1;0;;;;;;;;
ps_abddate_1_r00599;Valeur NULL pour un attribut dont le remplissage est obligatoire. ;0;R;A;t_position;ps_abddate;ps_abddate;P;3;1;3;;;1;0;;;;;;;;
ps_abdsrc_1_r00600;Valeur NULL pour un attribut dont le remplissage est obligatoire. ;0;R;A;t_position;ps_abdsrc;ps_abdsrc;P;3;1;3;;;1;0;;;;;;;;
rt_id_1_r00601;Valeur NULL pour un attribut dont le remplissage est obligatoire. ;0;R;A;t_ropt;rt_id;rt_id;P;3;1;3;;;1;0;;;;;;;;
rt_code_1_r00602;Valeur NULL pour un attribut dont le remplissage est obligatoire. ;0;R;A;t_ropt;rt_code;rt_code;P;3;1;3;;;1;0;;;;;;;;
rt_code_ext_1_r00603;Valeur NULL pour un attribut dont le remplissage est obligatoire. ;0;R;A;t_ropt;rt_code_ext;rt_code_ext;P;3;1;3;;;1;0;;;;;;;;
rt_fo_code_1_r00604;Valeur NULL pour un attribut dont le remplissage est obligatoire. ;0;R;A;t_ropt;rt_fo_code;rt_fo_code;P;3;1;3;;;1;0;;;;;;;;
rt_fo_ordr_1_r00605;Valeur NULL pour un attribut dont le remplissage est obligatoire. ;0;R;A;t_ropt;rt_fo_ordr;rt_fo_ordr;P;3;1;3;;;1;0;;;;;;;;
rt_comment_1_r00606;Valeur NULL pour un attribut dont le remplissage est obligatoire. ;0;R;A;t_ropt;rt_comment;rt_comment;P;3;1;3;;;1;0;;;;;;;;
rt_creadat_1_r00607;Valeur NULL pour un attribut dont le remplissage est obligatoire. ;0;R;A;t_ropt;rt_creadat;rt_creadat;P;3;1;3;;;1;0;;;;;;;;
rt_majdate_1_r00608;Valeur NULL pour un attribut dont le remplissage est obligatoire. ;0;R;A;t_ropt;rt_majdate;rt_majdate;P;3;1;3;;;1;0;;;;;;;;
rt_majsrc_1_r00609;Valeur NULL pour un attribut dont le remplissage est obligatoire. ;0;R;A;t_ropt;rt_majsrc;rt_majsrc;P;3;1;3;;;1;0;;;;;;;;
rt_abddate_1_r00610;Valeur NULL pour un attribut dont le remplissage est obligatoire. ;0;R;A;t_ropt;rt_abddate;rt_abddate;P;3;1;3;;;1;0;;;;;;;;
rt_abdsrc_1_r00611;Valeur NULL pour un attribut dont le remplissage est obligatoire. ;0;R;A;t_ropt;rt_abdsrc;rt_abdsrc;P;3;1;3;;;1;0;;;;;;;;
se_code_1_r00612;Valeur NULL pour un attribut dont le remplissage est obligatoire. ;0;R;A;t_siteemission;se_code;se_code;P;3;1;3;;;1;0;;;;;;;;
se_nd_code_1_r00613;Valeur NULL pour un attribut dont le remplissage est obligatoire. ;0;R;A;t_siteemission;se_nd_code;se_nd_code;P;3;1;3;;;1;0;;;;;;;;
se_anfr_1_r00614;Valeur NULL pour un attribut dont le remplissage est obligatoire. ;0;R;A;t_siteemission;se_anfr;se_anfr;P;3;1;3;;;1;0;;;;;;;;
se_prop_1_r00615;Valeur NULL pour un attribut dont le remplissage est obligatoire. ;0;R;A;t_siteemission;se_prop;se_prop;P;3;1;3;;;1;0;;;;;;;;
se_gest_1_r00616;Valeur NULL pour un attribut dont le remplissage est obligatoire. ;0;R;A;t_siteemission;se_gest;se_gest;P;3;1;3;;;1;0;;;;;;;;
se_user_1_r00617;Valeur NULL pour un attribut dont le remplissage est obligatoire. ;0;R;A;t_siteemission;se_user;se_user;P;3;1;3;;;1;0;;;;;;;;
se_proptyp_1_r00618;Valeur NULL pour un attribut dont le remplissage est obligatoire. ;0;R;A;t_siteemission;se_proptyp;se_proptyp;P;3;1;3;;;1;0;;;;;;;;
se_statut_1_r00619;Valeur NULL pour un attribut dont le remplissage est obligatoire. ;0;R;A;t_siteemission;se_statut;se_statut;P;3;1;3;;;1;0;;;;;;;;
se_etat_1_r00620;Valeur NULL pour un attribut dont le remplissage est obligatoire. ;0;R;A;t_siteemission;se_etat;se_etat;P;3;1;3;;;1;0;;;;;;;;
se_occp_1_r00621;Valeur NULL pour un attribut dont le remplissage est obligatoire. ;0;R;A;t_siteemission;se_occp;se_occp;P;3;1;3;;;1;0;;;;;;;;
se_dateins_1_r00622;Valeur NULL pour un attribut dont le remplissage est obligatoire. ;0;R;A;t_siteemission;se_dateins;se_dateins;P;3;1;3;;;1;0;;;;;;;;
se_datemes_1_r00623;Valeur NULL pour un attribut dont le remplissage est obligatoire. ;0;R;A;t_siteemission;se_datemes;se_datemes;P;3;1;3;;;1;0;;;;;;;;
se_type_1_r00624;Valeur NULL pour un attribut dont le remplissage est obligatoire. ;0;R;A;t_siteemission;se_type;se_type;P;3;1;3;;;1;0;;;;;;;;
se_haut_1_r00625;Valeur NULL pour un attribut dont le remplissage est obligatoire. ;0;R;A;t_siteemission;se_haut;se_haut;P;3;1;3;;;1;0;;;;;;;;
se_ad_code_1_r00626;Valeur NULL pour un attribut dont le remplissage est obligatoire. ;0;R;A;t_siteemission;se_ad_code;se_ad_code;P;3;1;3;;;1;0;;;;;;;;
se_comment_1_r00627;Valeur NULL pour un attribut dont le remplissage est obligatoire. ;0;R;A;t_siteemission;se_comment;se_comment;P;3;1;3;;;1;0;;;;;;;;
se_creadat_1_r00628;Valeur NULL pour un attribut dont le remplissage est obligatoire. ;0;R;A;t_siteemission;se_creadat;se_creadat;P;3;1;3;;;1;0;;;;;;;;
se_majdate_1_r00629;Valeur NULL pour un attribut dont le remplissage est obligatoire. ;0;R;A;t_siteemission;se_majdate;se_majdate;P;3;1;3;;;1;0;;;;;;;;
se_majsrc_1_r00630;Valeur NULL pour un attribut dont le remplissage est obligatoire. ;0;R;A;t_siteemission;se_majsrc;se_majsrc;P;3;1;3;;;1;0;;;;;;;;
se_abddate_1_r00631;Valeur NULL pour un attribut dont le remplissage est obligatoire. ;0;R;A;t_siteemission;se_abddate;se_abddate;P;3;1;3;;;1;0;;;;;;;;
se_abdsrc_1_r00632;Valeur NULL pour un attribut dont le remplissage est obligatoire. ;0;R;A;t_siteemission;se_abdsrc;se_abdsrc;P;3;1;3;;;1;0;;;;;;;;
do_code_1_r00633;Valeur NULL pour un attribut dont le remplissage est obligatoire. ;0;R;A;t_document;do_code;do_code;P;3;1;3;;;1;0;;;;;;;;
do_ref_1_r00634;Valeur NULL pour un attribut dont le remplissage est obligatoire. ;0;R;A;t_document;do_ref;do_ref;P;3;1;3;;;1;0;;;;;;;;
do_reftier_1_r00635;Valeur NULL pour un attribut dont le remplissage est obligatoire. ;0;R;A;t_document;do_reftier;do_reftier;P;3;1;3;;;1;0;;;;;;;;
do_r1_code_1_r00636;Valeur NULL pour un attribut dont le remplissage est obligatoire. ;0;R;A;t_document;do_r1_code;do_r1_code;P;3;1;3;;;1;0;;;;;;;;
do_r2_code_1_r00637;Valeur NULL pour un attribut dont le remplissage est obligatoire. ;0;R;A;t_document;do_r2_code;do_r2_code;P;3;1;3;;;1;0;;;;;;;;
do_r3_code_1_r00638;Valeur NULL pour un attribut dont le remplissage est obligatoire. ;0;R;A;t_document;do_r3_code;do_r3_code;P;3;1;3;;;1;0;;;;;;;;
do_r4_code_1_r00639;Valeur NULL pour un attribut dont le remplissage est obligatoire. ;0;R;A;t_document;do_r4_code;do_r4_code;P;3;1;3;;;1;0;;;;;;;;
do_type_1_r00640;Valeur NULL pour un attribut dont le remplissage est obligatoire. ;0;R;A;t_document;do_type;do_type;P;3;1;3;;;1;0;;;;;;;;
do_indice_1_r00641;Valeur NULL pour un attribut dont le remplissage est obligatoire. ;0;R;A;t_document;do_indice;do_indice;P;3;1;3;;;1;0;;;;;;;;
do_date_1_r00642;Valeur NULL pour un attribut dont le remplissage est obligatoire. ;0;R;A;t_document;do_date;do_date;P;3;1;3;;;1;0;;;;;;;;
do_classe_1_r00643;Valeur NULL pour un attribut dont le remplissage est obligatoire. ;0;R;A;t_document;do_classe;do_classe;P;3;1;3;;;1;0;;;;;;;;
do_url1_1_r00644;Valeur NULL pour un attribut dont le remplissage est obligatoire. ;0;R;A;t_document;do_url1;do_url1;P;3;1;3;;;1;0;;;;;;;;
do_url2_1_r00645;Valeur NULL pour un attribut dont le remplissage est obligatoire. ;0;R;A;t_document;do_url2;do_url2;P;3;1;3;;;1;0;;;;;;;;
do_comment_1_r00646;Valeur NULL pour un attribut dont le remplissage est obligatoire. ;0;R;A;t_document;do_comment;do_comment;P;3;1;3;;;1;0;;;;;;;;
do_creadat_1_r00647;Valeur NULL pour un attribut dont le remplissage est obligatoire. ;0;R;A;t_document;do_creadat;do_creadat;P;3;1;3;;;1;0;;;;;;;;
do_majdate_1_r00648;Valeur NULL pour un attribut dont le remplissage est obligatoire. ;0;R;A;t_document;do_majdate;do_majdate;P;3;1;3;;;1;0;;;;;;;;
do_majsrc_1_r00649;Valeur NULL pour un attribut dont le remplissage est obligatoire. ;0;R;A;t_document;do_majsrc;do_majsrc;P;3;1;3;;;1;0;;;;;;;;
do_abddate_1_r00650;Valeur NULL pour un attribut dont le remplissage est obligatoire. ;0;R;A;t_document;do_abddate;do_abddate;P;3;1;3;;;1;0;;;;;;;;
do_abdsrc_1_r00651;Valeur NULL pour un attribut dont le remplissage est obligatoire. ;0;R;A;t_document;do_abdsrc;do_abdsrc;P;3;1;3;;;1;0;;;;;;;;
od_id_1_r00652;Valeur NULL pour un attribut dont le remplissage est obligatoire. ;0;R;A;t_docobj;od_id;od_id;P;3;1;3;;;1;0;;;;;;;;
od_do_code_1_r00653;Valeur NULL pour un attribut dont le remplissage est obligatoire. ;0;R;A;t_docobj;od_do_code;od_do_code;P;3;1;3;;;1;0;;;;;;;;
od_tbltype_1_r00654;Valeur NULL pour un attribut dont le remplissage est obligatoire. ;0;R;A;t_docobj;od_tbltype;od_tbltype;P;3;1;3;;;1;0;;;;;;;;
od_codeobj_1_r00655;Valeur NULL pour un attribut dont le remplissage est obligatoire. ;0;R;A;t_docobj;od_codeobj;od_codeobj;P;3;1;3;;;1;0;;;;;;;;
od_creadat_1_r00656;Valeur NULL pour un attribut dont le remplissage est obligatoire. ;0;R;A;t_docobj;od_creadat;od_creadat;P;3;1;3;;;1;0;;;;;;;;
od_majdate_1_r00657;Valeur NULL pour un attribut dont le remplissage est obligatoire. ;0;R;A;t_docobj;od_majdate;od_majdate;P;3;1;3;;;1;0;;;;;;;;
od_majsrc_1_r00658;Valeur NULL pour un attribut dont le remplissage est obligatoire. ;0;R;A;t_docobj;od_majsrc;od_majsrc;P;3;1;3;;;1;0;;;;;;;;
od_abddate_1_r00659;Valeur NULL pour un attribut dont le remplissage est obligatoire. ;0;R;A;t_docobj;od_abddate;od_abddate;P;3;1;3;;;1;0;;;;;;;;
od_abdsrc_1_r00660;Valeur NULL pour un attribut dont le remplissage est obligatoire. ;0;R;A;t_docobj;od_abdsrc;od_abdsrc;P;3;1;3;;;1;0;;;;;;;;
em_code_1_r00661;Valeur NULL pour un attribut dont le remplissage est obligatoire. ;0;R;A;t_empreinte;em_code;em_code;P;3;1;3;;;1;0;;;;;;;;
em_do_code_1_r00662;Valeur NULL pour un attribut dont le remplissage est obligatoire. ;0;R;A;t_empreinte;em_do_code;em_do_code;P;3;1;3;;;1;0;;;;;;;;
em_geolsrc_1_r00663;Valeur NULL pour un attribut dont le remplissage est obligatoire. ;0;R;A;t_empreinte;em_geolsrc;em_geolsrc;P;3;1;3;;;1;0;;;;;;;;
em_creadat_1_r00664;Valeur NULL pour un attribut dont le remplissage est obligatoire. ;0;R;A;t_empreinte;em_creadat;em_creadat;P;3;1;3;;;1;0;;;;;;;;
em_majdate_1_r00665;Valeur NULL pour un attribut dont le remplissage est obligatoire. ;0;R;A;t_empreinte;em_majdate;em_majdate;P;3;1;3;;;1;0;;;;;;;;
em_majsrc_1_r00666;Valeur NULL pour un attribut dont le remplissage est obligatoire. ;0;R;A;t_empreinte;em_majsrc;em_majsrc;P;3;1;3;;;1;0;;;;;;;;
em_abddate_1_r00667;Valeur NULL pour un attribut dont le remplissage est obligatoire. ;0;R;A;t_empreinte;em_abddate;em_abddate;P;3;1;3;;;1;0;;;;;;;;
em_abdsrc_1_r00668;Valeur NULL pour un attribut dont le remplissage est obligatoire. ;0;R;A;t_empreinte;em_abdsrc;em_abdsrc;P;3;1;3;;;1;0;;;;;;;;
em_geom_1_r00669;Valeur NULL pour un attribut dont le remplissage est obligatoire. ;0;R;A;t_empreinte;geom;em_geom;P;3;1;3;;;1;0;;;;;;;;
ad_hexacle_1_s80001;Identifiants HEXACLE en doublon.;0;S;A;t_adresse;ad_hexacle;ad_hexacle;P;3;3;3;;;1;0;;;;;;;;
ad_ban_id_1_s80002;Identifiants BAN en doublon.;0;S;A;t_adresse;ad_ban_id;ad_ban_id;P;3;3;3;;;1;0;;;;;;;;
cb_capafo_1_s80007;Plusieurs cables ayant la meme reference ont une capacite differente. ;0;S;A;t_cable;cb_capafo;cb_capafo;P;3;3;3;;;1;0;;;;;;;;
cb_capafo_1_s80008;Capacite du cable inferieure a la capacite minimale. ;0;S;A;t_cable;cb_capafo;cb_capafo;P;3;3;3;;;1;0;;;;;;;;
ad_nblhab_1_s80004;ad_nblhab + ad_nblpro <> total des SUF a l adresse. ;0;S;A;t_adresse;ad_nblhab;ad_nblhab;P;3;3;3;;;1;0;;;;;;;;
cb_capafo_1_s80009;Capacite du cable superieure a la capacite maximale. ;0;S;A;t_cable;cb_capafo;cb_capafo;P;3;3;3;;;1;0;;;;;;;;
ad_nbprhab_1_s80003;Attribut de regroupement : ad_nbprhab + ad_nbprpro <> total pto a l adresse.;0;S;A;t_adresse;ad_nbprhab;ad_nbprhab;P;3;3;3;;;1;0;;;;;;;;
ad_geom_1_g80005;Distance trop importante entre le noeud qui porte le SUF et son adresse;0;G;A;t_adresse;geom;ad_geom;P;3;3;3;;;1;0;;;;;;;;Changement de code. Cristel Legrand avait utilise sf_ad_code_1_s80005. 
cl_geom_1_g80010;Les extremites du cable ne sont pas reliees geographiquement a une BPE ou un LT. ;0;G;A;t_cableline;geom;cl_geom;P;3;3;3;;;1;0;;;;;;;;"Non exploitable pour Spatialite avec QGIS a cause du WITH. 
Requete a revoir, pourquoi utiliser les LT ?"
